chr,pos,end,phyloP17way_primate,phastCons17way_primate,GERP++_RS,MutationTaster_score,LRT_score,phyloP100way_vertebrate,phastCons100way_vertebrate,FATHMM_score,MutPred_score,SIFT_score,MutationAssessor_score,PROVEAN_score,VEST4_score,Polyphen2_HDIV_score,Polyphen2_HVAR_score,ClinSigSimple,is_missense,SiPhy_A,SiPhy_C,SiPhy_G,SiPhy_T,ref_cat,alt_cat
19,11089552,11089552,0.676000,0.005000,1.42,1,0.639035,0.301000,0.271000,-2.6,0.55,0.466,0.9,-0.76,0.142,0.0,0.0,1,1,0.6404,0.0,0.3596,0.0,G,A
19,11089552,11089552,0.676000,0.005000,1.42,1,0.639035,0.301000,0.271000,-2.6,0.55,0.466,0.9,-0.76,0.142,0.0,0.0,0,1,0.6404,0.0,0.3596,0.0,G,C
19,11089555,11089555,-1.556000,0.000000,-6.77,1,0.835368,-1.403000,0.000000,-2.52,0.465,0.023,0.55,-0.54,0.047,0.104,0.039,0,1,0.1422,0.1486,0.3174,0.3918,C,A
19,11089566,11089566,0.676000,0.030000,2.12,1,0.155185,0.532000,0.044000,-2.55,0.573,0.019,0.73,0.65,0.21,0.999,0.862,0,1,0.0,0.2396,0.7604,0.0,G,C
19,11089573,11089573,0.599000,0.132000,-2.95,1,0.771370,-0.296000,0.026000,-2.6,0.534,0.034,0.94,-0.51,0.232,0.085,0.051,0,1,0.1714,0.3151,0.1679,0.3455,C,A
19,11089576,11089576,0.665000,0.134000,3.67,0.905598,0.593306,2.815000,1.000000,-2.58,0.693,0.001,1.64,-0.98,0.527,0.836,0.549,1,1,0.0,0.0,0.0,1.0,T,A
19,11089576,11089576,0.665000,0.134000,3.67,0.902174,0.593306,2.815000,1.000000,-2.58,0.693,0.001,1.64,-0.98,0.527,0.836,0.549,1,1,0.0,0.0,0.0,1.0,T,C
19,11089579,11089579,0.756000,0.085000,0.214,1,0.022022,0.424000,0.501000,-2.54,0.44,0.064,1.04,-0.06,0.04,0.062,0.036,0,1,0.1417,0.2174,0.4188,0.2221,A,T
19,11089590,11089590,-0.119000,0.023000,1.53,0.952054,0.969735,1.629000,0.984000,-2.81,0.504,0.037,2.085,-1.47,0.104,0.002,0.009,0,1,0.1016,0.1686,0.7298,0.0,G,C
19,11089592,11089592,0.665000,0.030000,3.67,0.915462,0.387089,3.104000,0.961000,-2.77,0.456,0.029,2.415,-2.39,0.492,0.992,0.77,1,1,0.0,0.0,0.0,1.0,T,A
19,11089592,11089592,0.665000,0.030000,3.67,0.999999,0.387089,3.104000,0.961000,-2.77,0.673,0.119,2.07,-1.84,0.714,0.005,0.009,1,1,0.0,0.0,0.0,1.0,T,C
19,11089592,11089592,0.665000,0.030000,3.67,0.952141,0.387089,3.104000,0.961000,-2.75,0.555,0.057,2.07,-2.36,0.626,0.916,0.627,1,1,0.0,0.0,0.0,1.0,T,G
19,11089594,11089594,0.599000,0.030000,1.48,0.851115,0.137462,0.259000,0.068000,-2.61,0.444,0.175,1.955,-0.93,0.155,0.049,0.066,0,1,0.2358,0.6479,0.0,0.1163,C,G
19,11089595,11089595,0.665000,0.026000,3.67,0.999993,0.137462,3.104000,0.089000,-2.75,0.625,0.065,2.505,-1.04,0.698,0.94,0.713,1,1,0.0,0.0,0.0,1.0,T,C
19,11089595,11089595,0.665000,0.026000,3.67,0.787615,0.137462,3.104000,0.089000,-2.72,0.615,0.105,2.505,-1.2,0.583,0.836,0.627,0,1,0.0,0.0,0.0,1.0,T,G
19,11089597,11089597,-1.810000,0.001000,1.49,0.999876,0.508221,1.014000,0.009000,-2.66,0.408,0.361,1.33,-0.59,0.145,0.443,0.105,0,1,0.0,0.202,0.5889,0.2091,G,A
19,11089600,11089600,0.676000,0.051000,3.67,1,0.824798,3.518000,0.106000,-2.66,0.51,0.091,1.11,-1.25,0.519,0.975,0.822,0,1,0.0,0.0,1.0,0.0,G,C
19,11089601,11089601,0.599000,0.056000,2.64,1,0.824798,0.853000,0.075000,-2.61,0.487,0.119,2.08,-0.7,0.457,0.928,0.675,0,1,0.0,0.879,0.0,0.121,C,A
19,11089601,11089601,0.599000,0.056000,2.64,1,0.824798,0.853000,0.075000,-2.58,0.423,0.526,1.39,-1.01,0.249,0.013,0.006,0,1,0.0,0.879,0.0,0.121,C,T
19,11089604,11089604,-0.172000,0.095000,-2.65,1,0.159160,-0.645000,0.000000,-2.59,0.582,0.099,1.995,0.18,0.195,0.646,0.183,0,1,0.1568,0.3653,0.2817,0.1962,C,A
19,11089604,11089604,-0.172000,0.095000,-2.65,1,0.159160,-0.645000,0.000000,-2.65,0.417,0.114,1.1,-1.24,0.088,0.006,0.005,0,1,0.1568,0.3653,0.2817,0.1962,C,G
19,11089606,11089606,0.676000,0.141000,0.318,1,0.026470,1.039000,0.320000,-2.54,0.562,0.194,1.72,-1.05,0.132,0.12,0.099,1,1,0.2253,0.0,0.5686,0.2061,G,A
19,11089607,11089607,-0.104000,0.149000,-1.45,1,0.026470,0.268000,0.366000,-2.51,0.539,0.28,1.865,0.12,0.042,0.001,0.002,0,1,0.1898,0.1598,0.51,0.1404,G,A
19,11089612,11089612,0.676000,0.381000,2.63,0.648308,0.027197,1.662000,0.998000,-2.58,0.312,0.105,1.2,-0.31,0.176,0.02,0.012,0,1,0.1215,0.0,0.8785,0.0,G,T
19,11100228,11100228,-0.202000,0.092000,-0.331,1,0.478777,0.690000,0.000000,-2.57,0.502,0.116,-0.405,-0.88,0.149,0.027,0.021,0,1,0.3343,0.1538,0.5119,0.0,G,A
19,11100232,11100232,-0.185000,0.321000,-1.35,1,0.462585,-1.107000,0.000000,-3.6,0.566,0.731,-0.7,0.63,0.018,0.0,0.001,0,1,0.3176,0.4806,0.2018,0.0,G,A
19,11100233,11100233,0.691000,0.373000,-11.0,0.999995,0.462585,-1.305000,0.000000,-3.7,0.43,0.281,-1.44,-0.19,0.048,0.005,0.011,0,1,0.1559,0.2644,0.493,0.0867,A,T
19,11100234,11100234,0.609000,0.404000,5.51,1,0.000007,5.196000,1.000000,-5.88,0.832,0.001,4.945,-9.06,0.907,0.999,0.991,1,1,0.0,0.0,0.0,1.0,T,C
19,11100235,11100235,0.618000,0.420000,5.51,1,0.000007,6.685000,1.000000,-5.88,0.827,0.001,4.945,-9.26,0.918,1.0,0.994,0,1,0.0,0.0,1.0,0.0,G,A
19,11100236,11100236,-0.162000,0.428000,-1.69,1,0.000007,-0.152000,0.002000,-5.89,0.832,0.001,4.945,-9.18,0.912,1.0,0.999,1,1,0.0,0.4551,0.0,0.5449,C,G
19,11100237,11100237,0.618000,0.450000,2.07,1,0.204540,0.342000,0.000000,-3.68,0.614,0.053,0.475,-1.13,0.182,0.35,0.244,1,1,0.1318,0.0,0.7334,0.1348,G,A
19,11100241,11100241,0.618000,0.582000,3.35,1,0.000766,1.798000,0.062000,-3.72,0.525,0.141,-0.44,-2.04,0.501,0.118,0.199,0,1,0.1493,0.0,0.8507,0.0,G,C
19,11100245,11100245,-0.266000,0.715000,-11.0,0.996989,0.315437,-1.895000,0.000000,-3.77,0.526,0.106,1.51,-2.16,0.221,0.039,0.169,0,1,0.0,0.1124,0.2898,0.5978,C,G
19,11100246,11100246,0.618000,0.763000,4.45,0.998851,0.001025,3.163000,1.000000,-3.86,0.666,0.054,2.335,-2.87,0.32,0.997,0.945,1,1,0.0,0.1425,0.8575,0.0,G,A
19,11100250,11100250,0.609000,0.818000,5.51,0.999999,0.000014,5.739000,1.000000,-5.24,0.759,0.0,3.47,-7.21,0.915,0.999,0.991,0,1,0.0,0.0,0.0,1.0,T,C
19,11100250,11100250,0.609000,0.818000,5.51,0.999999,0.000014,5.739000,1.000000,-5.25,0.788,0.0,4.86,-6.2,0.892,1.0,0.995,1,1,0.0,0.0,0.0,1.0,T,G
19,11100255,11100255,0.609000,0.760000,5.51,1,0.000006,7.580000,1.000000,-6.74,0.821,0.0,4.485,-10.95,0.986,1.0,1.0,1,1,0.0,0.0,0.0,1.0,T,G
19,11100256,11100256,0.618000,0.742000,5.51,1,0.000006,9.483000,1.000000,-6.74,0.79,0.0,4.23,-9.14,0.981,1.0,1.0,1,1,0.0,0.0,1.0,0.0,G,C
19,11100257,11100257,-0.929000,0.712000,-0.251,1,0.000006,0.057000,0.003000,-6.75,0.82,0.0,4.685,-9.94,0.978,1.0,1.0,1,1,0.0,0.5335,0.0,0.4665,C,G
19,11100261,11100261,0.618000,0.759000,3.35,0.869794,0.005959,3.007000,0.994000,-2.43,0.733,0.001,2.135,-4.85,0.65,1.0,0.992,1,1,0.2712,0.0,0.7288,0.0,G,T
19,11100264,11100264,0.618000,0.844000,5.52,1,0.000026,6.413000,1.000000,-3.94,0.751,0.017,2.275,-6.73,0.392,0.98,0.777,0,1,0.0819,0.0,0.9181,0.0,G,A
19,11100269,11100269,0.691000,0.982000,-5.26,0.577538,0.047607,-1.097000,0.000000,-3.78,0.524,0.012,1.65,-2.15,0.248,0.985,0.904,0,1,0.1701,0.1131,0.6059,0.1109,A,C
19,11100271,11100271,0.618000,0.989000,5.52,1,0.000007,9.483000,1.000000,-8.0,0.956,0.0,4.055,-10.06,0.98,1.0,1.0,0,1,0.0,0.0,1.0,0.0,G,A
19,11100271,11100271,0.618000,0.989000,5.52,1,0.000007,9.483000,1.000000,-8.0,0.959,0.0,4.48,-10.06,0.973,1.0,1.0,1,1,0.0,0.0,1.0,0.0,G,T
19,11100273,11100273,0.691000,0.990000,5.52,0.999995,0.000024,3.391000,1.000000,-4.66,0.718,0.358,1.235,-0.58,0.144,0.737,0.773,0,1,1.0,0.0,0.0,0.0,A,G
19,11100273,11100273,0.691000,0.990000,5.52,1,0.000024,3.391000,1.000000,-4.9,0.717,0.001,3.51,-3.59,0.671,0.999,0.993,0,1,1.0,0.0,0.0,0.0,A,T
19,11100276,11100276,0.609000,0.985000,4.48,1,0.040704,0.512000,0.994000,-3.79,0.487,0.159,1.51,-0.39,0.145,0.019,0.041,0,1,0.0,0.1616,0.1827,0.6557,T,A
19,11100277,11100277,0.549000,0.980000,4.46,0.974793,0.040704,4.664000,0.995000,-3.85,0.585,0.001,1.37,-3.57,0.332,0.924,0.873,0,1,0.0,0.9227,0.0,0.0772,C,T
19,11100280,11100280,0.691000,0.943000,2.96,1,0.066199,0.864000,0.003000,-3.71,0.51,0.057,1.955,-3.06,0.481,0.996,0.95,0,1,0.7366,0.0,0.1158,0.1476,A,G
19,11100285,11100285,0.609000,0.887000,5.37,1,0.000045,7.577000,1.000000,-3.92,0.764,0.0,2.78,-12.78,0.892,1.0,1.0,0,1,0.0,0.0,0.0,1.0,T,C
19,11100286,11100286,0.618000,0.862000,5.37,1,0.000045,9.478000,1.000000,-3.77,0.755,0.0,2.14,-11.88,0.785,1.0,1.0,0,1,0.0,0.0,1.0,0.0,G,T
19,11100287,11100287,0.618000,0.820000,5.37,1,0.000045,9.478000,1.000000,-3.97,0.745,0.0,4.575,-11.33,0.819,1.0,1.0,0,1,0.0,0.0,1.0,0.0,G,C
19,11100288,11100288,0.618000,0.754000,2.12,0.918754,0.010091,0.795000,0.993000,-3.91,0.512,0.09,1.38,-0.39,0.136,0.009,0.075,0,1,0.4369,0.0,0.5631,0.0,G,A
19,11100289,11100289,0.609000,0.645000,5.37,0.999996,0.010091,2.522000,0.989000,-3.93,0.621,0.099,3.28,-3.3,0.436,0.98,0.962,0,1,0.0,0.0,0.0,1.0,T,G
19,11100291,11100291,0.609000,0.398000,5.37,1,0.000007,7.577000,1.000000,-6.63,0.948,0.0,4.23,-10.98,0.982,1.0,1.0,1,1,0.0,0.0,0.0,1.0,T,G
19,11100292,11100292,0.618000,0.281000,5.37,1,0.000007,9.478000,1.000000,-6.64,0.996,0.0,5.035,-10.06,0.982,1.0,1.0,1,1,0.0,0.0,1.0,0.0,G,A
19,11100292,11100292,0.618000,0.281000,5.37,1,0.000007,9.478000,1.000000,-6.63,0.998,0.0,4.69,-9.15,0.977,1.0,1.0,1,1,0.0,0.0,1.0,0.0,G,C
19,11100293,11100293,-2.106000,0.093000,-10.6,1,0.000007,-2.391000,0.000000,-6.65,0.949,0.0,5.035,-10.06,0.973,1.0,1.0,0,1,0.0,0.5208,0.0,0.4792,C,G
19,11100294,11100294,0.618000,0.088000,5.37,1,0.000020,9.478000,1.000000,-4.89,0.947,0.001,2.42,-4.55,0.895,1.0,1.0,1,1,0.0,0.0,1.0,0.0,G,A
19,11100294,11100294,0.618000,0.088000,5.37,1,0.000020,9.478000,1.000000,-5.09,0.967,0.0,4.955,-6.37,0.919,1.0,1.0,1,1,0.0,0.0,1.0,0.0,G,C
19,11100294,11100294,0.618000,0.088000,5.37,1,0.000020,9.478000,1.000000,-5.12,0.916,0.0,4.955,-8.2,0.894,1.0,1.0,0,1,0.0,0.0,1.0,0.0,G,T
19,11100296,11100296,-0.349000,0.057000,-6.18,0.999997,0.000020,-1.574000,0.001000,-5.04,0.932,0.017,4.15,-3.62,0.846,1.0,1.0,0,1,0.0,0.1648,0.0,0.8352,T,G
19,11100298,11100298,0.618000,0.037000,5.37,1,0.000022,6.103000,1.000000,-4.14,0.799,0.028,3.155,-5.3,0.555,0.999,0.989,0,1,0.0,0.0,1.0,0.0,G,A
19,11100300,11100300,-0.982000,0.006000,-6.27,1,0.115104,0.077000,0.000000,-3.73,0.468,0.118,0.295,-1.56,0.127,0.0,0.005,0,1,0.3136,0.5023,0.1842,0.0,A,C
19,11100302,11100302,-0.253000,0.007000,-1.34,1,0.115104,-3.205000,0.000000,-3.73,0.468,0.118,0.295,-1.56,0.127,0.0,0.009,0,1,0.2892,0.1913,0.2855,0.2341,C,A
19,11100303,11100303,-0.244000,0.009000,-5.68,1,0.978489,-0.218000,0.000000,-3.67,0.487,0.155,0.655,-0.74,0.19,0.016,0.048,0,1,0.0723,0.3192,0.5179,0.0905,G,A
19,11100304,11100304,0.549000,0.017000,4.32,1,0.978489,3.863000,0.103000,-3.75,0.531,0.037,1.425,-1.53,0.164,0.17,0.392,0,1,0.0,0.8582,0.1418,0.0,C,G
19,11100308,11100308,0.618000,0.088000,4.34,0.998979,0.000027,0.361000,0.996000,-2.13,0.682,1.0,-2.43,-0.66,0.13,0.245,0.253,0,1,0.168,0.0,0.832,0.0,G,C
19,11100310,11100310,0.618000,0.094000,5.37,1,0.000006,9.478000,1.000000,-8.0,0.919,0.0,5.035,-10.05,0.973,1.0,1.0,1,1,0.0,0.0,1.0,0.0,G,A
19,11100316,11100316,0.691000,0.083000,5.37,1,0.000021,8.832000,1.000000,-4.44,0.841,0.001,4.085,-7.29,0.898,1.0,1.0,0,1,1.0,0.0,0.0,0.0,A,C
19,11100316,11100316,0.691000,0.083000,5.37,1,0.000021,8.832000,1.000000,-4.48,0.829,0.0,4.98,-8.21,0.941,1.0,1.0,0,1,1.0,0.0,0.0,0.0,A,T
19,11100321,11100321,0.609000,0.133000,5.37,0.999908,0.000031,3.762000,0.982000,-4.57,0.667,0.001,4.88,-4.27,0.665,1.0,0.994,1,1,0.0,0.0,0.0,1.0,T,C
19,11100322,11100322,0.549000,0.134000,5.37,1,0.000031,2.926000,0.973000,-4.58,0.636,0.0,4.88,-5.19,0.614,1.0,0.995,1,1,0.0,1.0,0.0,0.0,C,T
19,11100324,11100324,0.618000,0.135000,5.37,1,0.000021,9.478000,1.000000,-5.57,0.714,0.001,4.335,-4.58,0.852,1.0,1.0,1,1,0.0,0.0,1.0,0.0,G,A
19,11100324,11100324,0.618000,0.135000,5.37,1,0.000021,9.478000,1.000000,-5.49,0.728,0.0,5.03,-6.41,0.897,1.0,1.0,0,1,0.0,0.0,1.0,0.0,G,C
19,11100325,11100325,0.691000,0.134000,5.37,1,0.000021,8.832000,1.000000,-5.58,0.742,0.001,4.68,-7.32,0.911,1.0,1.0,0,1,1.0,0.0,0.0,0.0,A,C
19,11100325,11100325,0.691000,0.134000,5.37,1,0.000021,8.832000,1.000000,-5.58,0.725,0.001,4.68,-6.41,0.827,1.0,1.0,0,1,1.0,0.0,0.0,0.0,A,G
19,11100327,11100327,0.618000,0.113000,5.37,1,0.000026,9.478000,1.000000,-5.18,0.789,0.001,5.025,-3.63,0.909,1.0,1.0,1,1,0.0,0.0,1.0,0.0,G,A
19,11100328,11100328,0.691000,0.088000,5.37,1,0.000026,8.832000,1.000000,-5.2,0.791,0.001,4.68,-6.26,0.841,1.0,1.0,1,1,1.0,0.0,0.0,0.0,A,G
19,11100331,11100331,-0.242000,0.030000,3.22,1,0.047488,0.204000,0.001000,-2.28,0.577,0.039,2.02,-3.51,0.18,0.765,0.786,0,1,0.0,0.7853,0.1378,0.0769,C,T
19,11100336,11100336,-0.242000,0.012000,3.17,0.759179,0.197027,3.484000,0.634000,-2.27,0.734,0.108,2.14,-2.41,0.414,0.051,0.139,0,1,0.0,0.2734,0.7266,0.0,G,A
19,11100340,11100340,0.549000,0.015000,5.37,0.99997,0.000021,1.423000,0.076000,-3.67,0.496,0.098,-0.905,-3.65,0.683,1.0,0.998,1,1,0.0,1.0,0.0,0.0,C,G
19,11100342,11100342,0.609000,0.017000,5.37,1,0.000006,7.433000,1.000000,-8.0,0.791,0.001,4.06,-10.89,0.976,1.0,1.0,1,1,0.0,0.0,0.0,1.0,T,C
19,11100343,11100343,0.618000,0.021000,5.37,1,0.000006,9.295000,1.000000,-8.0,0.785,0.001,4.405,-10.06,0.984,1.0,1.0,1,1,0.0,0.0,1.0,0.0,G,A
19,11100343,11100343,0.618000,0.021000,5.37,1,0.000006,9.295000,1.000000,-8.0,0.806,0.001,4.405,-10.06,0.977,1.0,1.0,1,1,0.0,0.0,1.0,0.0,G,T
19,11102673,11102673,-0.252000,0.667000,4.55,1,0.000013,3.751000,1.000000,-3.9,0.537,0.004,2.755,-4.38,0.422,0.35,0.803,0,1,0.0,0.8609,0.1391,0.0,C,T
19,11102675,11102675,0.609000,0.674000,5.59,1,0.000004,7.572000,1.000000,-6.07,0.794,0.0,4.305,-10.81,0.915,1.0,1.0,1,1,0.0,0.0,0.0,1.0,T,C
19,11102675,11102675,0.609000,0.674000,5.59,1,0.000004,7.572000,1.000000,-5.94,0.788,0.0,4.305,-10.94,0.92,1.0,1.0,0,1,0.0,0.0,0.0,1.0,T,G
19,11102676,11102676,0.618000,0.676000,5.59,1,0.000004,9.422000,1.000000,-6.07,0.79,0.0,4.305,-10.07,0.913,1.0,1.0,0,1,0.0,0.0,1.0,0.0,G,T
19,11102684,11102684,0.618000,0.556000,3.49,1,0.965205,0.934000,0.001000,-3.73,0.455,0.143,1.675,-1.41,0.272,0.221,0.354,1,1,0.1321,0.0,0.8679,0.0,G,A
19,11102687,11102687,0.618000,0.818000,4.6,1,0.213024,2.604000,0.999000,-3.73,0.67,0.003,0.415,-1.76,0.222,0.113,0.341,0,1,0.0,0.4021,0.5979,0.0,G,A
19,11102696,11102696,0.609000,0.979000,5.65,1,0.000004,7.900000,1.000000,-8.0,0.901,0.0,4.025,-9.15,0.927,0.974,0.952,1,1,0.0,0.0,0.0,1.0,T,A
19,11102696,11102696,0.609000,0.979000,5.65,1,0.000004,7.900000,1.000000,-8.0,0.88,0.0,4.375,-10.98,0.851,0.965,0.985,0,1,0.0,0.0,0.0,1.0,T,G
19,11102697,11102697,0.618000,0.977000,5.65,1,0.000004,9.850000,1.000000,-8.0,0.918,0.0,4.72,-10.07,0.977,0.998,0.99,1,1,0.0,0.0,1.0,0.0,G,A
19,11102698,11102698,-0.808000,0.974000,-3.04,1,0.000004,0.009000,0.941000,-8.0,0.924,0.0,4.17,-10.07,0.964,0.999,0.997,1,1,0.0,0.4094,0.0,0.5906,T,G
19,11102699,11102699,0.618000,0.981000,5.65,1,0.000016,8.015000,1.000000,-3.72,0.675,0.175,1.39,-6.77,0.711,1.0,0.999,0,1,0.0,0.0,1.0,0.0,G,C
19,11102699,11102699,0.618000,0.981000,5.65,1,0.000016,8.015000,1.000000,-3.83,0.675,0.0,2.56,-6.86,0.744,1.0,1.0,1,1,0.0,0.0,1.0,0.0,G,T
19,11102709,11102709,0.609000,0.985000,5.65,0.999798,0.226632,2.755000,0.278000,-3.68,0.483,0.103,0.665,-2.62,0.594,0.961,0.905,0,1,0.0,0.0,0.0,1.0,T,A
19,11102712,11102712,0.691000,0.989000,2.04,0.994717,0.002377,1.089000,0.934000,-5.33,0.518,0.401,0.495,-2.02,0.155,0.031,0.063,0,1,0.7852,0.0,0.2148,0.0,A,G
19,11102713,11102713,-0.257000,0.988000,-0.596,0.999716,0.002377,0.378000,0.928000,-5.36,0.687,0.088,0.495,-3.47,0.333,0.978,0.925,1,1,0.0,0.4636,0.0,0.5364,C,A
19,11102714,11102714,0.549000,0.990000,5.65,0.999969,0.000019,4.828000,1.000000,-5.39,0.741,0.005,1.45,-3.17,0.571,0.992,0.981,1,1,0.0,1.0,0.0,0.0,C,A
19,11102714,11102714,0.549000,0.990000,5.65,1,0.000019,4.828000,1.000000,-5.45,0.781,0.001,3.15,-5.51,0.766,1.0,0.994,1,1,0.0,1.0,0.0,0.0,C,T
19,11102715,11102715,0.618000,0.991000,4.62,0.999909,0.000019,4.945000,1.000000,-5.42,0.765,0.077,1.245,-2.69,0.471,0.999,0.98,0,1,0.0772,0.0,0.9228,0.0,G,A
19,11102715,11102715,0.618000,0.991000,4.62,0.999963,0.000019,4.945000,1.000000,-5.32,0.757,0.006,1.385,-4.59,0.381,0.981,0.969,1,1,0.0772,0.0,0.9228,0.0,G,T
19,11102717,11102717,0.609000,0.991000,5.65,1,0.000004,7.924000,1.000000,-8.0,0.807,0.0,4.715,-10.89,0.961,1.0,1.0,1,1,0.0,0.0,0.0,1.0,T,G
19,11102718,11102718,0.618000,0.989000,5.65,1,0.000004,9.881000,1.000000,-8.0,0.847,0.0,3.91,-10.07,0.983,1.0,1.0,1,1,0.0,0.0,1.0,0.0,G,A
19,11102718,11102718,0.618000,0.989000,5.65,1,0.000004,9.881000,1.000000,-8.0,0.824,0.0,4.165,-10.07,0.968,1.0,1.0,1,1,0.0,0.0,1.0,0.0,G,T
19,11102719,11102719,0.549000,0.986000,3.55,1,0.000004,-0.204000,0.368000,-8.0,0.809,0.0,4.715,-10.01,0.959,1.0,1.0,1,1,0.0,0.6817,0.0,0.3183,C,G
19,11102720,11102720,0.691000,0.982000,5.65,1,0.000018,3.062000,0.996000,-4.9,0.768,0.001,2.985,-3.69,0.662,0.999,0.993,0,1,1.0,0.0,0.0,0.0,A,T
19,11102721,11102721,0.609000,0.975000,5.59,1,0.000018,7.924000,1.000000,-4.9,0.734,0.0,3.19,-4.26,0.763,0.996,0.994,1,1,0.0,0.0,0.0,1.0,T,C
19,11102723,11102723,0.549000,0.959000,1.01,0.999661,0.006533,1.297000,0.321000,-3.74,0.612,0.099,1.34,-5.21,0.285,0.176,0.402,1,1,0.1351,0.5503,0.0,0.3145,C,T
19,11102724,11102724,0.549000,0.953000,5.65,0.843147,0.006533,4.865000,0.546000,-3.86,0.637,0.001,2.565,-6.69,0.548,0.974,0.981,1,1,0.1516,0.8483,0.0,0.0,C,G
19,11102724,11102724,0.549000,0.953000,5.65,0.999316,0.006533,4.865000,0.546000,-3.89,0.676,0.0,2.505,-7.6,0.618,0.974,0.975,1,1,0.1516,0.8483,0.0,0.0,C,T
19,11102727,11102727,0.691000,0.938000,-0.49,1,0.948708,-0.144000,0.000000,-3.68,0.414,0.537,-0.065,-1.03,0.132,0.051,0.25,0,1,0.4095,0.0,0.3415,0.249,A,G
19,11102728,11102728,0.618000,0.929000,0.325,1,0.948708,-0.609000,0.000000,-3.76,0.423,0.142,0.66,-1.58,0.149,0.739,0.595,0,1,0.2003,0.1588,0.6409,0.0,G,T
19,11102732,11102732,0.609000,0.878000,5.65,1,0.000031,6.029000,1.000000,-3.92,0.702,0.0,2.395,-12.85,0.884,1.0,0.998,1,1,0.0,0.0,0.0,1.0,T,C
19,11102732,11102732,0.609000,0.878000,5.65,1,0.000031,6.029000,1.000000,-3.96,0.726,0.0,3.175,-11.92,0.813,0.999,0.998,1,1,0.0,0.0,0.0,1.0,T,G
19,11102735,11102735,0.691000,0.723000,5.65,0.997216,0.000389,1.960000,0.937000,-3.87,0.546,0.001,2.425,-5.92,0.596,0.996,0.988,0,1,0.8483,0.1516,0.0,0.0,A,T
19,11102737,11102737,-0.169000,0.533000,-0.499,0.983765,0.000389,-0.125000,0.224000,-3.81,0.497,0.007,3.115,-3.95,0.452,0.692,0.648,0,1,0.593,0.0,0.407,0.0,G,C
19,11102738,11102738,0.609000,0.506000,5.65,1,0.000004,7.975000,1.000000,-6.6,0.992,0.0,4.37,-10.98,0.97,1.0,1.0,1,1,0.0,0.0,0.0,1.0,T,C
19,11102738,11102738,0.609000,0.506000,5.65,1,0.000004,7.975000,1.000000,-6.63,0.956,0.0,4.025,-11.01,0.971,1.0,1.0,1,1,0.0,0.0,0.0,1.0,T,G
19,11102739,11102739,0.618000,0.460000,5.65,1,0.000004,9.948000,1.000000,-6.64,0.945,0.0,4.72,-10.05,0.968,1.0,1.0,1,1,0.0,0.0,1.0,0.0,G,A
19,11102740,11102740,-0.949000,0.385000,-3.32,1,0.000004,-0.826000,0.023000,-6.65,0.994,0.0,4.37,-10.0,0.777,1.0,1.0,1,1,0.0,0.3511,0.0,0.6489,C,G
19,11102741,11102741,0.618000,0.381000,5.65,1,0.000014,9.948000,1.000000,-4.89,0.922,0.0,2.155,-4.57,0.73,1.0,1.0,1,1,0.0,0.0,1.0,0.0,G,A
19,11102741,11102741,0.618000,0.381000,5.65,1,0.000014,9.948000,1.000000,-5.12,0.915,0.0,4.645,-8.2,0.926,1.0,1.0,1,1,0.0,0.0,1.0,0.0,G,T
19,11102742,11102742,0.691000,0.368000,5.65,1,0.000014,9.275000,1.000000,-5.1,0.918,0.0,4.645,-7.26,0.864,1.0,1.0,1,1,1.0,0.0,0.0,0.0,A,C
19,11102742,11102742,0.691000,0.368000,5.65,1,0.000014,9.275000,1.000000,-5.1,0.923,0.0,4.1,-6.4,0.811,1.0,1.0,1,1,1.0,0.0,0.0,0.0,A,G
19,11102743,11102743,0.609000,0.343000,-2.45,0.999994,0.000014,-0.799000,0.018000,-5.04,0.909,0.0,4.1,-3.65,0.75,0.99,0.999,1,1,0.0,0.3498,0.0,0.6502,T,A
19,11102743,11102743,0.609000,0.343000,-2.45,0.999994,0.000014,-0.799000,0.018000,-5.04,0.909,0.0,4.1,-3.65,0.75,0.99,0.999,1,1,0.0,0.3498,0.0,0.6502,T,G
19,11102744,11102744,0.618000,0.300000,3.47,0.999925,0.155972,3.334000,1.000000,-4.12,0.695,0.072,2.065,-4.13,0.199,0.098,0.386,0,1,0.0886,0.0,0.699,0.2123,G,A
19,11102747,11102747,-0.232000,0.102000,4.62,0.553156,0.009960,1.441000,0.665000,-3.56,0.647,1.0,-0.74,0.11,0.099,0.0,0.009,1,1,0.0,0.879,0.121,0.0,C,G
19,11102753,11102753,0.618000,0.096000,5.65,1,0.000009,9.948000,1.000000,-5.35,0.908,0.0,3.11,-6.24,0.932,1.0,0.999,1,1,0.0,0.0,1.0,0.0,G,C
19,11102753,11102753,0.618000,0.096000,5.65,1,0.000009,9.948000,1.000000,-5.36,0.893,0.0,4.305,-8.03,0.962,1.0,0.999,1,1,0.0,0.0,1.0,0.0,G,T
19,11102756,11102756,0.609000,0.053000,5.65,1,0.000004,7.975000,1.000000,-8.0,0.905,0.0,4.725,-9.15,0.985,1.0,1.0,1,1,0.0,0.0,0.0,1.0,T,A
19,11102756,11102756,0.609000,0.053000,5.65,1,0.000004,7.975000,1.000000,-8.0,0.941,0.001,4.375,-10.93,0.991,1.0,1.0,1,1,0.0,0.0,0.0,1.0,T,C
19,11102756,11102756,0.609000,0.053000,5.65,1,0.000004,7.975000,1.000000,-8.0,0.935,0.002,4.725,-11.0,0.976,1.0,1.0,1,1,0.0,0.0,0.0,1.0,T,G
19,11102757,11102757,0.618000,0.036000,5.65,1,0.000004,9.948000,1.000000,-8.0,0.872,0.002,4.725,-10.07,0.985,1.0,1.0,1,1,0.0,0.0,1.0,0.0,G,A
19,11102757,11102757,0.618000,0.036000,5.65,1,0.000004,9.948000,1.000000,-8.0,0.905,0.0,4.725,-9.15,0.985,1.0,1.0,1,1,0.0,0.0,1.0,0.0,G,C
19,11102757,11102757,0.618000,0.036000,5.65,1,0.000004,9.948000,1.000000,-8.0,0.934,0.006,4.725,-10.08,0.989,1.0,1.0,1,1,0.0,0.0,1.0,0.0,G,T
19,11102758,11102758,-1.825000,0.008000,-9.5,1,0.000004,-1.327000,0.003000,-8.0,0.897,0.001,4.725,-10.07,0.983,1.0,1.0,1,1,0.0,0.2341,0.0,0.7659,C,G
19,11102759,11102759,0.618000,0.009000,3.49,1,0.006072,1.925000,0.975000,-3.75,0.503,0.064,0.51,-1.98,0.095,0.001,0.003,0,1,0.0762,0.1401,0.7837,0.0,G,A
19,11102762,11102762,0.691000,0.004000,3.55,0.999988,0.000008,3.810000,1.000000,-3.79,0.712,0.016,1.7,-3.84,0.548,0.998,0.99,0,1,0.8503,0.0,0.1497,0.0,A,C
19,11102764,11102764,-1.821000,0.001000,-9.27,0.997436,0.000008,-2.900000,0.000000,-3.75,0.702,0.004,3.09,-4.38,0.746,0.994,0.974,1,1,0.0,0.211,0.0,0.789,C,G
19,11102765,11102765,0.618000,0.003000,3.51,0.660402,0.004655,4.201000,1.000000,-4.05,0.713,0.005,2.535,-4.32,0.262,0.986,0.947,1,1,0.0753,0.1377,0.787,0.0,G,A
19,11102765,11102765,0.618000,0.003000,3.51,0.798101,0.004655,4.201000,1.000000,-4.05,0.745,0.011,2.55,-5.92,0.454,0.672,0.727,1,1,0.0753,0.1377,0.787,0.0,G,C
19,11102765,11102765,0.618000,0.003000,3.51,0.878416,0.004655,4.201000,1.000000,-4.1,0.735,0.0,4.06,-7.06,0.658,0.999,0.998,0,1,0.0753,0.1377,0.787,0.0,G,T
19,11102766,11102766,0.618000,0.003000,3.44,0.506359,0.004655,2.376000,0.996000,-4.0,0.693,0.03,2.42,-4.44,0.189,0.779,0.874,0,1,0.0732,0.1314,0.7954,0.0,G,C
19,11102771,11102771,0.618000,0.006000,4.6,1,0.000012,8.057000,1.000000,-5.57,0.933,0.002,4.365,-4.45,0.691,0.998,0.986,1,1,0.0,0.1377,0.8623,0.0,G,A
19,11102772,11102772,0.691000,0.009000,5.65,1,0.000012,9.275000,1.000000,-5.58,0.911,0.002,4.165,-6.07,0.781,1.0,0.997,1,1,1.0,0.0,0.0,0.0,A,G
19,11102772,11102772,0.691000,0.009000,5.65,1,0.000012,9.275000,1.000000,-5.59,0.903,0.0,4.365,-8.11,0.9,1.0,1.0,1,1,1.0,0.0,0.0,0.0,A,T
19,11102773,11102773,-0.957000,0.009000,-3.98,0.999993,0.000012,-1.219000,0.004000,-5.54,0.906,0.001,3.82,-3.59,0.742,0.978,0.975,1,1,0.0,0.2739,0.0,0.7261,C,G
19,11102775,11102775,0.691000,0.028000,5.65,1,0.000018,9.275000,1.000000,-5.19,0.886,0.001,4.715,-5.3,0.752,0.996,0.989,1,1,1.0,0.0,0.0,0.0,A,C
19,11102775,11102775,0.691000,0.028000,5.65,1,0.000018,9.275000,1.000000,-5.2,0.879,0.0,4.715,-6.16,0.696,0.999,0.996,1,1,1.0,0.0,0.0,0.0,A,G
19,11102776,11102776,0.618000,0.031000,1.1,0.999741,0.000018,0.424000,0.086000,-5.13,0.884,0.003,3.74,-2.74,0.579,0.894,0.927,0,1,0.3845,0.0,0.6155,0.0,G,T
19,11102778,11102778,-0.093000,0.028000,-0.422,1,0.739072,1.452000,0.002000,-3.75,0.562,0.062,1.155,-2.82,0.353,0.247,0.472,1,1,0.4923,0.0,0.1365,0.3711,A,C
19,11102781,11102781,-0.163000,0.033000,0.996,0.994494,0.155892,1.473000,0.970000,-3.71,0.444,0.035,2.635,-3.89,0.339,0.451,0.618,0,1,0.642,0.0,0.358,0.0,G,T
19,11102783,11102783,0.609000,0.040000,5.65,1,0.000004,7.975000,1.000000,-8.0,0.804,0.0,4.625,-10.22,0.965,1.0,1.0,1,1,0.0,0.0,0.0,1.0,T,C
19,11102783,11102783,0.609000,0.040000,5.65,1,0.000004,7.975000,1.000000,-8.0,0.791,0.0,3.93,-10.15,0.888,1.0,1.0,1,1,0.0,0.0,0.0,1.0,T,G
19,11102784,11102784,0.618000,0.039000,5.65,1,0.000004,9.948000,1.000000,-8.0,0.81,0.0,4.625,-9.68,0.954,1.0,1.0,1,1,0.0,0.0,1.0,0.0,G,A
19,11102784,11102784,0.618000,0.039000,5.65,1,0.000004,9.948000,1.000000,-8.0,0.769,0.0,3.73,-8.56,0.933,1.0,1.0,1,1,0.0,0.0,1.0,0.0,G,C
19,11102784,11102784,0.618000,0.039000,5.65,1,0.000004,9.948000,1.000000,-8.0,0.803,0.0,4.625,-9.69,0.957,1.0,1.0,1,1,0.0,0.0,1.0,0.0,G,T
19,11102785,11102785,-0.203000,0.034000,-5.46,1,0.000004,-0.558000,0.000000,-8.0,0.802,0.0,4.625,-9.77,0.935,1.0,1.0,1,1,0.0,0.6622,0.0,0.3378,T,G
19,11105220,11105220,-0.272000,0.009000,3.2,0.99998,0.921399,0.252000,0.019000,-2.76,0.292,0.312,1,-3.19,0.128,0.0,0.001,0,1,0.0,0.8454,0.0,0.1546,C,T
19,11105223,11105223,0.545000,0.020000,4.28,0.986256,0.459893,1.608000,0.053000,-2.82,0.205,0.381,2.035,-2.5,0.221,0.003,0.017,0,1,0.0,0.771,0.1471,0.0819,C,G
19,11105223,11105223,0.545000,0.020000,4.28,0.999947,0.459893,1.608000,0.053000,-2.73,0.279,0.184,1.345,-3.39,0.146,0.003,0.011,0,1,0.0,0.771,0.1471,0.0819,C,T
19,11105229,11105229,0.545000,0.051000,5.33,0.875358,0.019900,1.896000,0.069000,-3.73,0.523,0.007,1.075,-2.6,0.433,0.328,0.292,0,1,0.0,0.9145,0.0,0.0855,C,A
19,11105229,11105229,0.545000,0.051000,5.33,0.789709,0.019900,1.896000,0.069000,-3.9,0.493,0.003,2.285,-2.42,0.426,0.884,0.844,0,1,0.0,0.9145,0.0,0.0855,C,T
19,11105231,11105231,0.605000,0.073000,5.33,1,0.000004,4.988000,1.000000,-5.94,0.802,0.003,4.55,-10.05,0.759,0.926,0.947,1,1,0.0,0.0,0.0,1.0,T,G
19,11105232,11105232,0.614000,0.086000,5.33,1,0.000004,7.915000,1.000000,-6.07,0.802,0.001,4.55,-9.33,0.845,1.0,0.994,1,1,0.0,0.0,1.0,0.0,G,A
19,11105232,11105232,0.614000,0.086000,5.33,1,0.000004,7.915000,1.000000,-6.05,0.74,0.001,3.86,-8.46,0.698,0.411,0.42,1,1,0.0,0.0,1.0,0.0,G,C
19,11105232,11105232,0.614000,0.086000,5.33,1,0.000004,7.915000,1.000000,-6.07,0.808,0.001,4.205,-9.38,0.811,0.999,0.994,1,1,0.0,0.0,1.0,0.0,G,T
19,11105242,11105242,-0.993000,0.085000,-8.23,0.773324,0.004711,-3.401000,0.000000,-3.77,0.487,0.132,1.175,-1.47,0.178,0.362,0.517,0,1,0.0,0.2403,0.2001,0.5597,C,A
19,11105243,11105243,0.614000,0.093000,1.72,0.998116,0.148946,2.651000,0.998000,-3.86,0.788,0.069,2.085,-2.81,0.494,0.055,0.235,1,1,0.0846,0.3553,0.5601,0.0,G,A
19,11105246,11105246,0.605000,0.098000,5.33,1,0.000009,7.878000,1.000000,-5.2,0.754,0.016,3.15,-5.33,0.704,0.982,0.96,0,1,0.0,0.0,0.0,1.0,T,A
19,11105252,11105252,0.605000,0.117000,5.33,1,0.000004,7.878000,1.000000,-8.0,0.819,0.005,4.57,-10.61,0.925,0.999,0.997,1,1,0.0,0.0,0.0,1.0,T,C
19,11105253,11105253,0.614000,0.127000,5.33,1,0.000004,9.823000,1.000000,-8.0,0.796,0.0,4.57,-9.75,0.91,1.0,0.999,0,1,0.0,0.0,1.0,0.0,G,A
19,11105253,11105253,0.614000,0.127000,5.33,1,0.000004,9.823000,1.000000,-8.0,0.835,0.0,4.57,-9.75,0.922,1.0,0.999,1,1,0.0,0.0,1.0,0.0,G,T
19,11105255,11105255,0.545000,0.130000,-1.61,1,0.103225,-0.160000,0.000000,-3.72,0.503,0.019,1.52,-1.77,0.548,0.169,0.382,0,1,0.2469,0.3116,0.4416,0.0,C,T
19,11105258,11105258,0.614000,0.110000,4.29,0.759607,0.008929,4.372000,0.514000,-2.95,0.567,0.002,2.615,-3.98,0.594,0.991,0.986,1,1,0.251,0.0,0.749,0.0,G,T
19,11105267,11105267,0.605000,0.047000,5.44,1,0.000004,7.924000,1.000000,-8.0,0.927,0.001,4.565,-8.81,0.944,1.0,1.0,1,1,0.0,0.0,0.0,1.0,T,A
19,11105267,11105267,0.605000,0.047000,5.44,1,0.000004,7.924000,1.000000,-8.0,0.948,0.01,4.22,-10.58,0.955,1.0,1.0,1,1,0.0,0.0,0.0,1.0,T,C
19,11105267,11105267,0.605000,0.047000,5.44,1,0.000004,7.924000,1.000000,-8.0,0.985,0.003,4.565,-10.47,0.949,1.0,1.0,1,1,0.0,0.0,0.0,1.0,T,G
19,11105268,11105268,0.614000,0.050000,5.44,1,0.000004,9.883000,1.000000,-8.0,0.95,0.001,3.87,-9.73,0.971,1.0,1.0,1,1,0.0,0.0,1.0,0.0,G,A
19,11105268,11105268,0.614000,0.050000,5.44,1,0.000004,9.883000,1.000000,-8.0,0.927,0.001,4.565,-8.81,0.944,1.0,1.0,1,1,0.0,0.0,1.0,0.0,G,C
19,11105268,11105268,0.614000,0.050000,5.44,1,0.000004,9.883000,1.000000,-8.0,0.994,0.001,4.565,-9.73,0.949,1.0,1.0,1,1,0.0,0.0,1.0,0.0,G,T
19,11105270,11105270,0.686000,0.053000,2.19,0.999381,0.009534,0.602000,0.301000,-4.66,0.796,0.084,2.28,-1.38,0.274,0.955,0.883,0,1,0.769,0.0,0.231,0.0,A,C
19,11105270,11105270,0.686000,0.053000,2.19,0.999993,0.009534,0.602000,0.301000,-4.9,0.824,0.001,3.18,-3.41,0.607,0.999,0.991,1,1,0.769,0.0,0.231,0.0,A,T
19,11105273,11105273,0.605000,0.043000,0.847,1,0.026548,0.810000,0.131000,-3.79,0.51,0.259,2.115,-1.61,0.144,0.003,0.044,0,1,0.1915,0.0,0.1328,0.6757,T,A
19,11105274,11105274,-1.010000,0.030000,2.16,1,0.026548,4.097000,0.258000,-3.86,0.519,0.012,3.5,-3.11,0.308,0.866,0.869,0,1,0.1234,0.8069,0.0,0.0697,C,G
19,11105276,11105276,-0.257000,0.038000,4.41,1,0.946554,0.015000,0.000000,-3.73,0.528,0.359,0.61,-1.97,0.227,0.04,0.199,1,1,0.1473,0.8526,0.0,0.0,C,G
19,11105277,11105277,-0.787000,0.054000,-10.9,1,0.946554,-1.463000,0.000000,-3.72,0.515,0.358,0.895,-0.92,0.075,0.0,0.011,0,1,0.3449,0.2158,0.1717,0.2676,G,C
19,11105281,11105281,0.614000,0.331000,-1.17,1,0.270489,-0.498000,0.000000,-3.74,0.446,0.115,-0.525,-1.35,0.06,0.334,0.581,0,1,0.0692,0.4307,0.2779,0.2222,G,C
19,11105282,11105282,0.605000,0.347000,5.44,1,0.000011,7.924000,1.000000,-3.54,0.679,0.003,1.325,-5.3,0.741,0.998,0.999,1,1,0.0,0.0,0.0,1.0,T,C
19,11105283,11105283,0.605000,0.355000,5.44,0.999999,0.000011,6.029000,1.000000,-3.7,0.671,0.037,1.595,-2.39,0.484,0.999,0.999,1,1,0.0,0.0,0.0,1.0,T,A
19,11105283,11105283,0.605000,0.355000,5.44,1,0.000011,6.029000,1.000000,-3.7,0.678,0.002,2.145,-7.05,0.902,1.0,1.0,1,1,0.0,0.0,0.0,1.0,T,C
19,11105284,11105284,-0.247000,0.355000,-1.59,0.999982,0.000011,-1.848000,0.000000,-3.54,0.679,0.003,1.325,-5.3,0.741,0.999,0.999,1,1,0.0,0.2765,0.0,0.7235,C,A
19,11105285,11105285,-0.205000,0.368000,4.4,0.99996,0.002529,4.139000,1.000000,-3.91,0.55,0.006,1.93,-0.81,0.298,0.174,0.232,0,1,0.0,0.1414,0.8586,0.0,G,A
19,11105286,11105286,0.605000,0.402000,3.33,1,0.002529,4.178000,1.000000,-3.91,0.556,0.002,3.375,-5.74,0.75,0.894,0.91,1,1,0.0,0.0774,0.1467,0.7759,T,A
19,11105286,11105286,0.605000,0.402000,3.33,0.999975,0.002529,4.178000,1.000000,-3.84,0.54,0.041,1.785,-3.02,0.203,0.003,0.19,0,1,0.0,0.0774,0.1467,0.7759,T,C
19,11105288,11105288,0.605000,0.472000,5.44,1,0.000004,7.924000,1.000000,-6.63,0.927,0.0,3.845,-9.06,0.974,1.0,1.0,0,1,0.0,0.0,0.0,1.0,T,A
19,11105288,11105288,0.605000,0.472000,5.44,1,0.000004,7.924000,1.000000,-6.6,0.958,0.0,4.535,-10.87,0.976,1.0,1.0,1,1,0.0,0.0,0.0,1.0,T,C
19,11105289,11105289,0.614000,0.503000,5.44,1,0.000004,9.883000,1.000000,-6.64,0.938,0.0,4.535,-9.97,0.98,1.0,1.0,1,1,0.0,0.0,1.0,0.0,G,A
19,11105289,11105289,0.614000,0.503000,5.44,1,0.000004,9.883000,1.000000,-6.63,0.927,0.0,3.845,-9.06,0.974,1.0,1.0,1,1,0.0,0.0,1.0,0.0,G,C
19,11105289,11105289,0.614000,0.503000,5.44,1,0.000004,9.883000,1.000000,-6.64,0.957,0.0,4.535,-9.97,0.98,1.0,1.0,1,1,0.0,0.0,1.0,0.0,G,T
19,11105291,11105291,0.614000,0.528000,5.44,1,0.000012,4.170000,1.000000,-4.89,0.915,0.354,2.325,-2.88,0.416,0.999,1.0,0,1,0.0,0.0,1.0,0.0,G,A
19,11105292,11105292,0.686000,0.529000,5.44,1,0.000012,9.215000,1.000000,-5.1,0.926,0.004,3.94,-5.35,0.752,1.0,1.0,1,1,1.0,0.0,0.0,0.0,A,G
19,11105293,11105293,0.545000,0.522000,1.96,0.999904,0.000012,-0.120000,0.001000,-5.04,0.905,0.002,4.49,-3.13,0.639,0.99,0.999,0,1,0.0,0.5862,0.0,0.4138,C,G
19,11105299,11105299,-1.116000,0.082000,-2.89,0.515465,0.000384,-1.059000,0.000000,-3.63,0.659,0.498,0.145,-1.92,0.106,0.0,0.019,0,1,0.3347,0.3833,0.2173,0.0646,C,A
19,11105300,11105300,0.545000,0.059000,-1.47,1,0.259279,-1.713000,0.000000,-3.75,0.431,0.076,1.77,-1.4,0.12,0.04,0.199,0,1,0.1565,0.4947,0.2013,0.1475,C,G
19,11105300,11105300,0.545000,0.059000,-1.47,1,0.259279,-1.713000,0.000000,-3.77,0.565,0.034,2.025,-3.08,0.147,0.002,0.018,0,1,0.1565,0.4947,0.2013,0.1475,C,T
19,11105301,11105301,-0.936000,0.026000,-9.97,1,0.259279,-1.988000,0.000000,-3.7,0.396,0.193,0.87,0.37,0.056,0.001,0.005,0,1,0.2024,0.3475,0.1667,0.2834,G,A
19,11105303,11105303,0.614000,0.028000,5.44,1,0.000010,8.024000,1.000000,-5.35,0.925,0.001,2.76,-6.01,0.88,1.0,1.0,1,1,0.0,0.0,1.0,0.0,G,C
19,11105303,11105303,0.614000,0.028000,5.44,1,0.000010,8.024000,1.000000,-5.36,0.905,0.0,4.395,-7.87,0.918,1.0,1.0,1,1,0.0,0.0,1.0,0.0,G,T
19,11105306,11105306,0.605000,0.045000,5.44,1,0.000004,7.924000,1.000000,-8.0,0.893,0.0,4.57,-9.06,0.974,1.0,1.0,1,1,0.0,0.0,0.0,1.0,T,A
19,11105306,11105306,0.605000,0.045000,5.44,1,0.000004,7.924000,1.000000,-8.0,0.951,0.0,4.57,-10.87,0.979,1.0,1.0,1,1,0.0,0.0,0.0,1.0,T,C
19,11105307,11105307,0.614000,0.054000,5.44,1,0.000004,9.883000,1.000000,-8.0,0.89,0.0,4.57,-9.96,0.988,1.0,1.0,1,1,0.0,0.0,1.0,0.0,G,A
19,11105307,11105307,0.614000,0.054000,5.44,1,0.000004,9.883000,1.000000,-8.0,0.952,0.0,4.57,-9.96,0.987,1.0,1.0,1,1,0.0,0.0,1.0,0.0,G,T
19,11105308,11105308,-0.262000,0.058000,-0.949,1,0.000004,-0.117000,0.001000,-8.0,0.91,0.0,4.57,-9.96,0.98,1.0,1.0,1,1,0.0,0.3329,0.0,0.6671,C,G
19,11105312,11105312,0.614000,0.123000,5.44,1,0.000013,9.883000,1.000000,-4.36,0.921,0.016,3.04,-4.45,0.816,1.0,1.0,0,1,0.0,0.0,1.0,0.0,G,A
19,11105313,11105313,0.686000,0.126000,5.44,1,0.000013,9.215000,1.000000,-4.48,0.888,0.0,4.515,-8.01,0.973,1.0,1.0,1,1,1.0,0.0,0.0,0.0,A,T
19,11105321,11105321,0.614000,0.088000,5.6,1,0.000012,9.883000,1.000000,-5.57,0.936,0.0,3.87,-4.53,0.855,1.0,0.999,1,1,0.0,0.0,1.0,0.0,G,A
19,11105321,11105321,0.614000,0.088000,5.6,1,0.000012,9.883000,1.000000,-5.49,0.922,0.0,4.565,-6.33,0.919,0.997,0.993,1,1,0.0,0.0,1.0,0.0,G,C
19,11105322,11105322,0.686000,0.094000,5.6,1,0.000012,9.215000,1.000000,-5.58,0.907,0.0,4.015,-6.34,0.846,1.0,0.999,1,1,1.0,0.0,0.0,0.0,A,G
19,11105322,11105322,0.686000,0.094000,5.6,1,0.000012,9.215000,1.000000,-5.59,0.908,0.0,4.565,-8.16,0.972,1.0,1.0,1,1,1.0,0.0,0.0,0.0,A,T
19,11105323,11105323,-0.347000,0.095000,-4.5,0.999998,0.000012,-0.183000,0.559000,-5.54,0.918,0.0,4.015,-3.62,0.827,0.999,0.997,1,1,0.0,0.233,0.0,0.767,C,A
19,11105323,11105323,-0.347000,0.095000,-4.5,0.999998,0.000012,-0.183000,0.559000,-5.54,0.918,0.0,4.015,-3.62,0.827,0.999,0.997,1,1,0.0,0.233,0.0,0.767,C,G
19,11105324,11105324,0.614000,0.106000,5.6,1,0.000019,9.883000,1.000000,-4.61,0.929,0.0,4.22,-3.63,0.888,1.0,1.0,1,1,0.0,0.0,1.0,0.0,G,A
19,11105325,11105325,0.686000,0.110000,5.6,1,0.000019,9.215000,1.000000,-4.63,0.938,0.0,4.565,-6.35,0.748,1.0,1.0,1,1,1.0,0.0,0.0,0.0,A,G
19,11105326,11105326,0.614000,0.109000,3.49,0.999999,0.000019,2.046000,0.999000,-4.55,0.979,0.0,3.87,-2.72,0.678,0.996,0.999,1,1,0.2396,0.0,0.7604,0.0,G,C
19,11105326,11105326,0.614000,0.109000,3.49,0.999999,0.000019,2.046000,0.999000,-4.55,0.979,0.0,3.87,-2.72,0.678,0.996,0.999,1,1,0.2396,0.0,0.7604,0.0,G,T
19,11105327,11105327,0.614000,0.103000,3.22,0.958274,0.918503,1.245000,0.838000,-3.75,0.415,0.565,1.06,-0.68,0.242,0.019,0.142,0,1,0.0781,0.276,0.646,0.0,G,A
19,11105331,11105331,0.545000,0.103000,-1.87,0.999479,0.370469,0.276000,0.000000,-3.82,0.552,0.009,1.53,-3.1,0.254,0.503,0.829,0,1,0.5875,0.3185,0.094,0.0,C,T
19,11105333,11105333,0.605000,0.101000,5.6,1,0.000004,7.913000,1.000000,-8.0,0.854,0.002,4.545,-8.77,0.701,0.999,1.0,1,1,0.0,0.0,0.0,1.0,T,A
19,11105333,11105333,0.605000,0.101000,5.6,1,0.000004,7.913000,1.000000,-8.0,0.918,0.0,4.545,-10.67,0.957,1.0,1.0,1,1,0.0,0.0,0.0,1.0,T,C
19,11105333,11105333,0.605000,0.101000,5.6,1,0.000004,7.913000,1.000000,-8.0,0.929,0.002,4.545,-10.52,0.953,0.999,1.0,1,1,0.0,0.0,0.0,1.0,T,G
19,11105334,11105334,0.614000,0.099000,5.6,1,0.000004,7.874000,1.000000,-8.0,0.932,0.0,4.545,-9.91,0.955,1.0,1.0,1,1,0.0,0.0,1.0,0.0,G,A
19,11105334,11105334,0.614000,0.099000,5.6,1,0.000004,7.874000,1.000000,-8.0,0.854,0.002,4.545,-8.77,0.701,0.999,1.0,1,1,0.0,0.0,1.0,0.0,G,C
19,11105334,11105334,0.614000,0.099000,5.6,1,0.000004,7.874000,1.000000,-8.0,0.932,0.0,4.545,-9.91,0.931,1.0,1.0,1,1,0.0,0.0,1.0,0.0,G,T
19,11105337,11105337,0.545000,0.061000,2.17,0.900807,0.045747,2.670000,0.081000,-2.8,0.389,0.008,2.125,-3.5,0.127,0.041,0.161,0,1,0.3921,0.6079,0.0,0.0,C,G
19,11105337,11105337,0.545000,0.061000,2.17,0.999568,0.045747,2.670000,0.081000,-2.69,0.48,0.033,2.125,-3.89,0.37,0.909,0.546,1,1,0.3921,0.6079,0.0,0.0,C,T
19,11105346,11105346,0.545000,0.023000,5.37,1,0.000013,5.714000,0.996000,-3.9,0.552,0.001,2.475,-4.95,0.702,1.0,0.998,1,1,0.0,1.0,0.0,0.0,C,T
19,11105348,11105348,0.605000,0.024000,5.48,1,0.000004,7.867000,1.000000,-6.07,0.918,0.0,4.315,-10.6,0.92,1.0,1.0,1,1,0.0,0.0,0.0,1.0,T,C
19,11105349,11105349,0.614000,0.020000,5.6,1,0.000004,9.869000,1.000000,-6.07,0.89,0.0,4.665,-9.77,0.954,1.0,1.0,1,1,0.0,0.0,1.0,0.0,G,A
19,11105349,11105349,0.614000,0.020000,5.6,1,0.000004,9.869000,1.000000,-6.05,0.85,0.012,3.86,-8.79,0.938,1.0,1.0,1,1,0.0,0.0,1.0,0.0,G,C
19,11105350,11105350,-0.945000,0.013000,-1.48,1,0.000004,-0.320000,0.000000,-6.07,0.896,0.0,4.665,-9.79,0.931,1.0,1.0,1,1,0.0,0.4719,0.0,0.5281,T,G
19,11105351,11105351,-0.174000,0.015000,-2.41,0.999259,0.242950,-0.275000,0.000000,-3.85,0.638,0.001,2.645,-5.29,0.303,0.995,0.976,0,1,0.7052,0.0,0.2948,0.0,G,T
19,11105355,11105355,0.545000,0.031000,4.57,0.949053,0.000020,1.730000,0.002000,-3.89,0.637,0.015,2.65,-5.33,0.539,0.986,0.976,0,1,0.0,0.9229,0.0,0.0771,C,A
19,11105357,11105357,0.614000,0.054000,0.918,1,0.050898,0.062000,0.000000,-3.77,0.831,0.584,-0.77,-1.39,0.09,0.149,0.132,1,1,0.069,0.0,0.5459,0.3851,G,A
19,11105357,11105357,0.614000,0.054000,0.918,1,0.050898,0.062000,0.000000,-3.78,0.861,0.264,0.695,-2.07,0.314,0.965,0.902,1,1,0.069,0.0,0.5459,0.3851,G,C
19,11105357,11105357,0.614000,0.054000,0.918,1,0.050898,0.062000,0.000000,-3.74,0.696,0.793,-0.515,-0.34,0.129,0.011,0.124,0,1,0.069,0.0,0.5459,0.3851,G,T
19,11105360,11105360,0.686000,0.078000,-3.42,1,0.084553,0.221000,0.000000,-3.68,0.387,0.051,0.415,-2.06,0.128,0.171,0.203,0,1,0.2607,0.6737,0.0656,0.0,A,G
19,11105363,11105363,0.605000,0.086000,5.6,1,0.000009,7.913000,1.000000,-5.23,0.967,0.003,3.2,-6.05,0.745,1.0,1.0,1,1,0.0,0.0,0.0,1.0,T,G
19,11105364,11105364,0.605000,0.084000,5.6,1,0.000009,6.140000,1.000000,-5.25,0.852,0.0,4.48,-6.86,0.872,1.0,1.0,1,1,0.0,0.0,0.0,1.0,T,G
19,11105368,11105368,-0.197000,0.037000,-5.06,0.999633,0.057163,0.353000,0.997000,-3.85,0.56,0.062,1.02,-2.78,0.252,0.004,0.066,0,1,0.0624,0.5852,0.2621,0.0904,G,C
19,11105369,11105369,0.605000,0.034000,5.6,1,0.000004,7.913000,1.000000,-8.0,0.944,0.0,4.7,-10.52,0.91,1.0,1.0,1,1,0.0,0.0,0.0,1.0,T,C
19,11105369,11105369,0.605000,0.034000,5.6,1,0.000004,7.913000,1.000000,-8.0,0.923,0.002,4.15,-10.34,0.887,1.0,1.0,1,1,0.0,0.0,0.0,1.0,T,G
19,11105370,11105370,0.614000,0.027000,4.55,1,0.000004,9.869000,1.000000,-8.0,0.917,0.0,4.7,-9.96,0.904,1.0,1.0,1,1,0.0,0.0,0.8536,0.1464,G,A
19,11105370,11105370,0.614000,0.027000,4.55,1,0.000004,9.869000,1.000000,-8.0,0.917,0.0,4.7,-9.96,0.916,1.0,1.0,1,1,0.0,0.0,0.8536,0.1464,G,T
19,11105376,11105376,-0.174000,0.005000,-4.43,0.999978,0.923865,-0.281000,0.000000,-2.72,0.63,1.0,-0.29,0.51,0.076,0.0,0.004,1,1,0.3563,0.2781,0.2732,0.0924,G,A
19,11105379,11105379,0.545000,0.009000,4.53,1,0.425662,0.911000,0.000000,-2.9,0.588,0.003,2.42,-3.72,0.48,0.989,0.955,1,1,0.0,0.7033,0.2967,0.0,C,G
19,11105382,11105382,0.545000,0.013000,-5.7,1,0.001524,-1.333000,0.000000,-3.77,0.48,0.431,0.87,-1.4,0.088,0.0,0.007,0,1,0.1767,0.2695,0.0945,0.4593,C,T
19,11105384,11105384,0.605000,0.031000,5.6,1,0.000004,7.913000,1.000000,-8.0,0.921,0.001,4.7,-9.03,0.935,1.0,1.0,1,1,0.0,0.0,0.0,1.0,T,A
19,11105384,11105384,0.605000,0.031000,5.6,1,0.000004,7.913000,1.000000,-8.0,0.969,0.001,4.155,-10.86,0.976,1.0,1.0,1,1,0.0,0.0,0.0,1.0,T,C
19,11105384,11105384,0.605000,0.031000,5.6,1,0.000004,7.913000,1.000000,-8.0,0.965,0.002,4.7,-10.66,0.968,1.0,1.0,1,1,0.0,0.0,0.0,1.0,T,G
19,11105385,11105385,0.614000,0.041000,5.6,1,0.000004,9.869000,1.000000,-8.0,0.963,0.001,3.665,-9.99,0.982,1.0,1.0,1,1,0.0,0.0,1.0,0.0,G,A
19,11105385,11105385,0.614000,0.041000,5.6,1,0.000004,9.869000,1.000000,-8.0,0.921,0.001,4.7,-9.03,0.935,1.0,1.0,1,1,0.0,0.0,1.0,0.0,G,C
19,11105385,11105385,0.614000,0.041000,5.6,1,0.000004,9.869000,1.000000,-8.0,0.964,0.001,4.355,-9.99,0.972,1.0,1.0,1,1,0.0,0.0,1.0,0.0,G,T
19,11105388,11105388,0.605000,0.067000,5.6,0.999992,0.000016,6.172000,1.000000,-4.92,0.874,0.0,4.48,-6.18,0.726,0.997,0.987,1,1,0.0,0.0,0.0,1.0,T,A
19,11105388,11105388,0.605000,0.067000,5.6,0.999975,0.000016,6.172000,1.000000,-4.9,0.892,0.0,3.675,-4.24,0.307,0.82,0.917,1,1,0.0,0.0,0.0,1.0,T,C
19,11105390,11105390,0.545000,0.069000,5.6,1,0.000020,4.966000,1.000000,-3.74,0.734,0.029,1.78,-6.95,0.297,1.0,1.0,0,1,0.0,1.0,0.0,0.0,C,T
19,11105391,11105391,0.545000,0.064000,5.6,1,0.000020,6.076000,1.000000,-3.83,0.711,0.03,2.525,-7.86,0.669,1.0,1.0,0,1,0.0,1.0,0.0,0.0,C,A
19,11105391,11105391,0.545000,0.064000,5.6,1,0.000020,6.076000,1.000000,-3.89,0.753,0.016,2.39,-8.5,0.673,1.0,1.0,1,1,0.0,1.0,0.0,0.0,C,T
19,11105397,11105397,0.605000,0.066000,5.6,1,0.000343,1.161000,0.009000,-3.82,0.561,0.28,0.805,-3.09,0.298,0.998,0.995,1,1,0.0,0.0,0.0,1.0,T,C
19,11105399,11105399,0.605000,0.067000,5.6,1,0.000031,7.913000,1.000000,-3.96,0.817,0.001,3.105,-11.82,0.846,1.0,1.0,1,1,0.0,0.0,0.0,1.0,T,G
19,11105400,11105400,0.614000,0.066000,5.6,1,0.000031,7.859000,1.000000,-3.77,0.785,0.002,1.935,-11.82,0.689,1.0,1.0,1,1,0.0,0.0,1.0,0.0,G,T
19,11105402,11105402,0.614000,0.051000,3.49,0.986011,0.038137,4.039000,1.000000,-3.72,0.502,0.369,-0.09,-1.38,0.148,0.56,0.69,0,1,0.1589,0.0,0.8411,0.0,G,A
19,11105402,11105402,0.614000,0.051000,3.49,0.996213,0.038137,4.039000,1.000000,-3.77,0.62,0.194,1.265,-2.79,0.563,0.977,0.967,0,1,0.1589,0.0,0.8411,0.0,G,C
19,11105403,11105403,-0.262000,0.034000,1.17,0.91333,0.038137,0.315000,0.021000,-3.75,0.548,0.316,1.61,-3.41,0.649,0.932,0.935,0,1,0.0,0.7142,0.0,0.2858,C,A
19,11105403,11105403,-0.262000,0.034000,1.17,0.709761,0.038137,0.315000,0.021000,-3.52,0.506,0.838,-1.955,-0.23,0.139,0.078,0.101,0,1,0.0,0.7142,0.0,0.2858,C,T
19,11105405,11105405,0.605000,0.024000,5.6,1,0.000004,7.913000,1.000000,-6.6,0.985,0.001,4.155,-10.9,0.984,1.0,1.0,1,1,0.0,0.0,0.0,1.0,T,C
19,11105406,11105406,0.614000,0.019000,5.6,1,0.000004,9.869000,1.000000,-6.64,0.933,0.001,4.705,-9.99,0.989,1.0,1.0,1,1,0.0,0.0,1.0,0.0,G,A
19,11105407,11105407,-1.083000,0.009000,-3.96,1,0.000004,-0.555000,0.101000,-6.65,0.941,0.0,4.36,-9.99,0.978,1.0,1.0,1,1,0.0,0.3307,0.0,0.6693,C,G
19,11105408,11105408,0.614000,0.009000,5.6,1,0.000011,9.869000,1.000000,-5.09,0.949,0.001,4.63,-6.36,0.869,1.0,1.0,1,1,0.0,0.0,1.0,0.0,G,C
19,11105408,11105408,0.614000,0.009000,5.6,1,0.000011,9.869000,1.000000,-5.12,0.928,0.0,4.63,-8.18,0.927,1.0,1.0,1,1,0.0,0.0,1.0,0.0,G,T
19,11105409,11105409,0.686000,0.008000,5.6,1,0.000011,9.202000,1.000000,-5.1,0.952,0.001,4.63,-7.27,0.805,1.0,1.0,1,1,1.0,0.0,0.0,0.0,A,C
19,11105409,11105409,0.686000,0.008000,5.6,1,0.000011,9.202000,1.000000,-5.1,0.983,0.002,4.08,-6.36,0.837,1.0,1.0,1,1,1.0,0.0,0.0,0.0,A,G
19,11105412,11105412,-0.281000,0.001000,3.47,0.631668,0.004614,2.663000,0.994000,-3.77,0.773,0.0,1.865,-4.32,0.485,0.785,0.895,1,1,0.247,0.0,0.753,0.0,A,T
19,11105416,11105416,-0.235000,0.002000,-4.68,0.613131,0.000010,-0.770000,0.000000,-3.63,0.69,0.361,1.055,-2.05,0.157,0.112,0.345,1,1,0.1017,0.3198,0.3915,0.187,C,A
19,11105416,11105416,-0.235000,0.002000,-4.68,0.604834,0.000010,-0.770000,0.000000,-3.63,0.69,0.361,1.055,-2.05,0.157,0.112,0.345,0,1,0.1017,0.3198,0.3915,0.187,C,G
19,11105417,11105417,-0.311000,0.002000,2.14,1,0.529596,-0.308000,0.000000,-3.71,0.542,0.419,1.27,-2.68,0.088,0.006,0.079,0,1,0.0,0.5005,0.4995,0.0,C,A
19,11105418,11105418,0.545000,0.002000,2.15,1,0.529596,0.100000,0.000000,-3.78,0.54,0.574,1.16,-3.93,0.119,0.427,0.445,0,1,0.1544,0.655,0.1107,0.0799,C,T
19,11105420,11105420,0.614000,0.005000,5.6,1,0.000009,9.869000,1.000000,-5.32,0.968,0.001,2.33,-4.53,0.547,1.0,1.0,1,1,0.0,0.0,1.0,0.0,G,A
19,11105420,11105420,0.614000,0.005000,5.6,1,0.000009,9.869000,1.000000,-5.35,0.979,0.0,3.1,-6.34,0.704,1.0,1.0,1,1,0.0,0.0,1.0,0.0,G,C
19,11105420,11105420,0.614000,0.005000,5.6,1,0.000009,9.869000,1.000000,-5.36,0.909,0.0,4.595,-8.16,0.766,1.0,1.0,1,1,0.0,0.0,1.0,0.0,G,T
19,11105421,11105421,0.686000,0.006000,5.6,1,0.000009,9.202000,1.000000,-5.34,0.918,0.001,3.555,-7.25,0.621,1.0,1.0,1,1,1.0,0.0,0.0,0.0,A,C
19,11105421,11105421,0.686000,0.006000,5.6,1,0.000009,9.202000,1.000000,-5.26,0.919,0.001,4.045,-6.35,0.653,1.0,1.0,1,1,1.0,0.0,0.0,0.0,A,G
19,11105422,11105422,-0.272000,0.005000,0.906,0.999995,0.000009,1.364000,1.000000,-5.23,0.937,0.045,2.865,-3.59,0.449,0.997,1.0,1,1,0.1264,0.5612,0.2441,0.0683,C,G
19,11105423,11105423,0.605000,0.006000,5.6,1,0.000004,7.913000,1.000000,-8.0,0.94,0.0,4.71,-10.92,0.969,1.0,1.0,1,1,0.0,0.0,0.0,1.0,T,C
19,11105423,11105423,0.605000,0.006000,5.6,1,0.000004,7.913000,1.000000,-8.0,0.898,0.0,4.71,-10.92,0.921,1.0,1.0,1,1,0.0,0.0,0.0,1.0,T,G
19,11105424,11105424,0.614000,0.005000,5.6,1,0.000004,9.869000,1.000000,-8.0,0.887,0.0,4.71,-10.01,0.957,1.0,1.0,1,1,0.0,0.0,1.0,0.0,G,A
19,11105425,11105425,-0.977000,0.003000,-3.7,1,0.000004,-0.169000,0.000000,-8.0,0.929,0.0,4.365,-10.01,0.96,1.0,1.0,1,1,0.0,0.3177,0.0,0.6823,C,G
19,11105426,11105426,-0.174000,0.004000,2.01,1,0.071939,-0.825000,0.000000,-3.69,0.489,0.598,0.98,-1.12,0.128,0.003,0.012,0,1,0.3647,0.0,0.6353,0.0,G,A
19,11105429,11105429,0.614000,0.019000,5.6,1,0.000014,9.869000,1.000000,-4.36,0.949,0.015,2.75,-4.48,0.759,0.999,1.0,1,1,0.0,0.0,1.0,0.0,G,A
19,11105429,11105429,0.614000,0.019000,5.6,1,0.000014,9.869000,1.000000,-4.49,0.935,0.001,4.305,-8.14,0.945,1.0,1.0,1,1,0.0,0.0,1.0,0.0,G,T
19,11105430,11105430,0.686000,0.026000,5.6,1,0.000014,9.202000,1.000000,-4.47,0.941,0.063,3.06,-6.28,0.887,0.999,1.0,1,1,1.0,0.0,0.0,0.0,A,G
19,11105433,11105433,0.614000,0.040000,3.48,1,0.001017,1.653000,0.091000,-4.05,0.768,0.074,3.54,-4.17,0.607,1.0,0.999,1,1,0.1536,0.0,0.8464,0.0,G,T
19,11105435,11105435,0.605000,0.038000,5.6,1,0.000090,4.912000,1.000000,-4.57,0.679,0.001,4.54,-4.5,0.728,1.0,1.0,1,1,0.0,0.0,0.0,1.0,T,C
19,11105436,11105436,0.545000,0.032000,5.6,1,0.000090,4.872000,1.000000,-4.55,0.722,0.001,3.34,-5.43,0.667,1.0,1.0,1,1,0.0,1.0,0.0,0.0,C,T
19,11105438,11105438,0.614000,0.031000,5.6,1,0.000013,9.869000,1.000000,-5.57,0.91,0.002,4.15,-4.55,0.821,0.998,0.986,1,1,0.0,0.0,1.0,0.0,G,A
19,11105438,11105438,0.614000,0.031000,5.6,1,0.000013,9.869000,1.000000,-5.49,0.894,0.005,4.7,-6.35,0.917,0.955,0.984,1,1,0.0,0.0,1.0,0.0,G,C
19,11105438,11105438,0.614000,0.031000,5.6,1,0.000013,9.869000,1.000000,-5.6,0.846,0.0,4.7,-8.18,0.923,1.0,1.0,1,1,0.0,0.0,1.0,0.0,G,T
19,11105439,11105439,0.686000,0.037000,5.6,1,0.000013,9.202000,1.000000,-5.58,0.901,0.002,4.355,-6.37,0.844,0.999,0.997,1,1,1.0,0.0,0.0,0.0,A,G
19,11105439,11105439,0.686000,0.037000,5.6,1,0.000013,9.202000,1.000000,-5.59,0.869,0.0,4.7,-8.19,0.95,1.0,1.0,1,1,1.0,0.0,0.0,0.0,A,T
19,11105440,11105440,-0.199000,0.038000,-3.96,0.999998,0.000013,-0.373000,0.182000,-5.54,0.9,0.001,3.895,-3.63,0.789,0.945,0.937,1,1,0.0,0.1652,0.0,0.8348,T,G
19,11105442,11105442,0.686000,0.047000,5.6,1,0.000017,9.166000,1.000000,-4.62,0.916,0.0,4.7,-5.47,0.882,1.0,1.0,0,1,1.0,0.0,0.0,0.0,A,C
19,11105442,11105442,0.686000,0.047000,5.6,1,0.000017,9.166000,1.000000,-4.63,0.863,0.0,4.7,-6.34,0.808,1.0,1.0,1,1,1.0,0.0,0.0,0.0,A,G
19,11105448,11105448,0.545000,0.021000,4.31,1,0.000174,1.847000,0.906000,-2.79,0.783,0.345,1.39,-4.21,0.65,0.995,0.993,1,1,0.0,0.915,0.0,0.085,C,G
19,11105448,11105448,0.545000,0.021000,4.31,1,0.000174,1.847000,0.906000,-2.83,0.537,0.832,0.885,-3.53,0.352,0.498,0.509,1,1,0.0,0.915,0.0,0.085,C,T
19,11105453,11105453,0.545000,0.001000,-1.36,1,0.210399,-0.790000,0.000000,-3.64,0.444,0.582,0.665,-1.9,0.059,0.01,0.071,0,1,0.4839,0.4223,0.0938,0.0,C,A
19,11105453,11105453,0.545000,0.001000,-1.36,1,0.210399,-0.790000,0.000000,-3.79,0.534,0.037,1.56,-3.74,0.16,0.898,0.551,0,1,0.4839,0.4223,0.0938,0.0,C,T
19,11105456,11105456,0.605000,0.003000,5.6,1,0.000004,7.798000,1.000000,-8.0,0.875,0.0,3.49,-9.87,0.948,1.0,1.0,1,1,0.0,0.0,0.0,1.0,T,C
19,11105457,11105457,0.614000,0.003000,5.6,1,0.000004,9.721000,1.000000,-8.0,0.846,0.002,4.035,-9.61,0.967,1.0,1.0,1,1,0.0,0.0,1.0,0.0,G,A
19,11105457,11105457,0.614000,0.003000,5.6,1,0.000004,9.721000,1.000000,-8.0,0.856,0.001,3.49,-8.67,0.963,1.0,1.0,1,1,0.0,0.0,1.0,0.0,G,C
19,11105457,11105457,0.614000,0.003000,5.6,1,0.000004,9.721000,1.000000,-8.0,0.853,0.01,4.035,-9.7,0.968,1.0,1.0,1,1,0.0,0.0,1.0,0.0,G,T
19,11105458,11105458,-0.199000,0.001000,-1.14,1,0.000004,-0.158000,0.060000,-8.0,0.83,0.001,4.035,-9.75,0.956,1.0,1.0,1,1,0.0,0.5176,0.0,0.4824,T,G
19,11105459,11105459,-1.367000,0.000000,-4.38,1,0.834398,1.386000,0.087000,-2.65,0.63,0.005,1.47,-1.23,0.134,0.381,0.388,0,1,0.1925,0.4114,0.396,0.0,A,T
19,11105468,11105468,-0.185000,0.000000,-9.69,1,0.000001,-1.878000,0.000000,-2.53,0.523,0.313,-0.815,2.01,0.191,0.0,0.0,0,1,0.4699,0.2177,0.2076,0.1048,T,G
19,11105471,11105471,-0.174000,0.000000,-2.76,1,0.975460,-0.338000,0.000000,-2.57,0.398,0.314,0.505,-0.79,0.035,0.0,0.001,0,1,0.36,0.2962,0.2109,0.1329,G,C
19,11105478,11105478,0.686000,0.001000,-6.3,1,0.013266,-4.912000,0.000000,-2.57,0.337,0.518,-0.725,-0.37,0.118,0.0,0.0,0,1,0.2407,0.116,0.3287,0.3147,A,C
19,11105480,11105480,-1.049000,0.000000,-6.02,1,0.154211,-4.183000,0.000000,-2.63,0.418,0.585,0.48,0.19,0.153,0.0,0.001,0,1,0.3106,0.4196,0.2697,0.0,G,C
19,11105483,11105483,-0.787000,0.001000,-2.04,1,0.619261,-0.164000,0.000000,-2.66,0.445,0.065,0.345,-1.67,0.219,0.163,0.262,0,1,0.4443,0.1279,0.4277,0.0,G,T
19,11105486,11105486,0.686000,0.002000,-7.12,1,0.318080,-1.951000,0.000000,-2.64,0.315,0.346,0.56,-1.33,0.117,0.003,0.016,0,1,0.1942,0.4601,0.3458,0.0,A,G
19,11105486,11105486,0.686000,0.002000,-7.12,1,0.318080,-1.951000,0.000000,-2.7,0.337,0.054,1.565,-1.65,0.192,0.137,0.298,0,1,0.1942,0.4601,0.3458,0.0,A,T
19,11105491,11105491,-0.939000,0.008000,-7.05,0.999997,0.462075,-0.856000,0.000000,-2.56,0.513,0.094,-0.09,-1.16,0.119,0.048,0.186,0,1,0.0893,0.255,0.5245,0.1312,C,A
19,11105491,11105491,-0.939000,0.008000,-7.05,0.999997,0.462075,-0.856000,0.000000,-2.56,0.513,0.094,-0.09,-1.16,0.119,0.048,0.186,0,1,0.0893,0.255,0.5245,0.1312,C,G
19,11105495,11105495,0.605000,0.063000,5.6,1,0.000004,5.821000,1.000000,-6.07,0.926,0.0,4.48,-9.01,0.927,0.998,0.991,1,1,0.0,0.0,0.0,1.0,T,C
19,11105495,11105495,0.605000,0.063000,5.6,1,0.000004,5.821000,1.000000,-5.94,0.961,0.002,4.48,-9.33,0.898,0.926,0.96,1,1,0.0,0.0,0.0,1.0,T,G
19,11105496,11105496,0.614000,0.065000,4.55,1,0.000004,7.519000,1.000000,-6.07,0.985,0.0,4.48,-8.79,0.93,1.0,0.995,1,1,0.0,0.1385,0.8615,0.0,G,A
19,11105496,11105496,0.614000,0.065000,4.55,1,0.000004,7.519000,1.000000,-6.05,0.863,0.011,4.135,-7.84,0.605,0.411,0.498,1,1,0.0,0.1385,0.8615,0.0,G,C
19,11105497,11105497,0.545000,0.062000,3.45,1,0.000004,1.145000,0.493000,-6.07,0.888,0.0,4.48,-9.13,0.849,1.0,0.999,1,1,0.0,0.8526,0.0,0.1474,C,G
19,11105499,11105499,0.545000,0.044000,3.43,0.963999,0.008328,1.757000,0.024000,-3.8,0.457,0.01,2.935,-4.55,0.555,0.997,0.994,0,1,0.0,0.7887,0.1363,0.075,C,G
19,11105499,11105499,0.545000,0.044000,3.43,0.991398,0.008328,1.757000,0.024000,-3.77,0.458,0.317,1.725,-3.72,0.164,0.843,0.688,0,1,0.0,0.7887,0.1363,0.075,C,T
19,11105506,11105506,0.545000,0.077000,-6.16,1,0.561334,-1.437000,0.000000,-3.63,0.662,0.489,0.245,0.14,0.033,0.0,0.001,0,1,0.0,0.1566,0.7015,0.1419,C,A
19,11105507,11105507,0.614000,0.097000,5.6,1,0.000018,6.693000,1.000000,-3.8,0.632,0.089,0.665,-2.43,0.302,1.0,0.997,1,1,0.0,0.0,1.0,0.0,G,C
19,11105508,11105508,0.686000,0.108000,5.6,1,0.000018,7.342000,1.000000,-3.92,0.607,0.001,2.57,-5.26,0.286,0.999,0.997,1,1,1.0,0.0,0.0,0.0,A,C
19,11105511,11105511,0.605000,0.107000,5.6,1,0.000008,4.981000,1.000000,-5.25,0.739,0.001,4.625,-5.69,0.75,0.988,0.858,0,1,0.0,0.0,0.0,1.0,T,G
19,11105514,11105514,-0.192000,0.047000,4.57,0.999876,0.000009,1.195000,0.663000,-3.44,0.458,0.49,-1.755,-2.21,0.149,0.001,0.042,0,1,0.8607,0.0,0.0,0.1393,A,G
19,11105516,11105516,0.605000,0.030000,5.6,1,0.000004,7.924000,1.000000,-8.06,0.946,0.0,4.92,-10.94,0.926,1.0,1.0,1,1,0.0,0.0,0.0,1.0,T,C
19,11105516,11105516,0.605000,0.030000,5.6,1,0.000004,7.924000,1.000000,-8.06,0.851,0.0,4.57,-10.94,0.941,1.0,1.0,1,1,0.0,0.0,0.0,1.0,T,G
19,11105517,11105517,0.614000,0.020000,5.6,1,0.000004,9.883000,1.000000,-8.06,0.967,0.0,4.92,-10.05,0.969,1.0,1.0,1,1,0.0,0.0,1.0,0.0,G,A
19,11105517,11105517,0.614000,0.020000,5.6,1,0.000004,9.883000,1.000000,-8.06,0.962,0.0,4.115,-9.13,0.926,1.0,1.0,1,1,0.0,0.0,1.0,0.0,G,C
19,11105517,11105517,0.614000,0.020000,5.6,1,0.000004,9.883000,1.000000,-8.06,0.952,0.0,4.57,-10.05,0.956,1.0,1.0,1,1,0.0,0.0,1.0,0.0,G,T
19,11105522,11105522,0.686000,0.063000,5.6,0.999996,0.000001,1.606000,0.162000,-3.79,0.727,0.006,2.605,-4.04,0.532,1.0,0.996,0,1,1.0,0.0,0.0,0.0,A,C
19,11105524,11105524,-1.100000,0.120000,-0.999,0.999954,0.000001,-2.363000,0.000000,-3.79,0.727,0.006,2.605,-4.04,0.532,1.0,0.996,1,1,0.0,0.4393,0.0,0.5607,T,G
19,11105526,11105526,0.614000,0.426000,5.6,1,0.005321,9.883000,1.000000,-3.99,0.718,0.034,2.865,-5.56,0.601,0.998,0.977,0,1,0.0,0.0,1.0,0.0,G,A
19,11105528,11105528,0.614000,0.548000,5.6,1,0.000018,5.490000,1.000000,-3.72,0.891,0.088,1.205,-3.35,0.794,0.984,0.892,1,1,0.0,0.0,1.0,0.0,G,A
19,11105531,11105531,0.605000,0.601000,5.6,1,0.000004,7.924000,1.000000,-8.0,0.951,0.0,4.915,-11.02,0.968,1.0,0.999,1,1,0.0,0.0,0.0,1.0,T,G
19,11105532,11105532,0.614000,0.601000,5.6,1,0.000004,9.883000,1.000000,-8.0,0.962,0.0,3.94,-10.11,0.979,1.0,1.0,1,1,0.0,0.0,1.0,0.0,G,A
19,11105532,11105532,0.614000,0.601000,5.6,1,0.000004,9.883000,1.000000,-8.0,0.972,0.0,4.22,-10.11,0.965,1.0,1.0,1,1,0.0,0.0,1.0,0.0,G,T
19,11105535,11105535,0.605000,0.554000,5.6,1,0.009985,7.924000,1.000000,-4.9,0.891,0.0,3.725,-4.25,0.713,0.966,0.916,1,1,0.0,0.0,0.0,1.0,T,C
19,11105537,11105537,0.545000,0.443000,5.6,1,0.000010,7.784000,1.000000,-3.76,0.76,0.07,1.715,-4.88,0.685,1.0,0.995,1,1,0.0,1.0,0.0,0.0,C,T
19,11105538,11105538,0.686000,0.346000,4.59,0.999998,0.000010,4.141000,0.999000,-3.71,0.753,0.054,0.78,-6.32,0.732,0.999,0.995,1,1,0.8558,0.1442,0.0,0.0,A,G
19,11105538,11105538,0.686000,0.346000,4.59,1,0.000010,4.141000,0.999000,-3.74,0.939,0.073,0.695,-8.74,0.813,0.996,0.986,1,1,0.8558,0.1442,0.0,0.0,A,T
19,11105541,11105541,0.545000,0.082000,-1.32,1,0.192056,-0.390000,0.000000,-3.8,0.548,0.04,2.83,-1.43,0.229,0.86,0.651,0,1,0.1261,0.1799,0.3394,0.3546,C,G
19,11105541,11105541,0.545000,0.082000,-1.32,1,0.192056,-0.390000,0.000000,-3.79,0.579,0.045,1.415,-1.3,0.233,0.496,0.551,0,1,0.1261,0.1799,0.3394,0.3546,C,T
19,11105544,11105544,-0.170000,0.038000,3.48,0.999813,0.034844,1.713000,0.707000,-3.9,0.564,0.042,1.765,-4.02,0.367,0.605,0.855,0,1,0.0774,0.2899,0.6327,0.0,G,T
19,11105545,11105545,0.545000,0.053000,3.48,0.999986,0.034844,0.779000,0.725000,-3.83,0.534,0.266,1.065,-1.88,0.13,0.434,0.669,0,1,0.0,0.8147,0.0,0.1853,C,G
19,11105546,11105546,0.605000,0.063000,5.6,1,0.000031,7.924000,1.000000,-3.92,0.826,0.0,2.47,-12.85,0.83,0.998,0.987,1,1,0.0,0.0,0.0,1.0,T,C
19,11105547,11105547,0.614000,0.067000,5.6,1,0.000031,8.076000,1.000000,-3.93,0.764,0.0,2.275,-12.85,0.746,1.0,0.997,1,1,0.0,0.0,1.0,0.0,G,C
19,11105549,11105549,0.545000,0.064000,2.05,0.973042,0.747045,0.536000,0.061000,-3.81,0.528,0.059,3.125,-3.54,0.459,0.701,0.67,1,1,0.4762,0.3972,0.1266,0.0,C,A
19,11105549,11105549,0.545000,0.064000,2.05,0.999919,0.747045,0.536000,0.061000,-3.87,0.532,0.005,3.585,-5.63,0.371,0.998,0.955,1,1,0.4762,0.3972,0.1266,0.0,C,T
19,11105550,11105550,-0.200000,0.056000,-4.5,0.521661,0.747045,-1.354000,0.000000,-3.76,0.649,0.103,1.47,-4.72,0.175,0.328,0.349,0,1,0.6332,0.0,0.246,0.1208,G,T
19,11105552,11105552,0.605000,0.059000,5.6,1,0.000004,7.924000,1.000000,-6.6,0.944,0.0,4.575,-11.03,0.961,1.0,1.0,1,1,0.0,0.0,0.0,1.0,T,C
19,11105553,11105553,0.614000,0.059000,5.6,1,0.000004,9.883000,1.000000,-6.64,0.941,0.0,4.92,-10.11,0.979,1.0,1.0,1,1,0.0,0.0,1.0,0.0,G,A
19,11105556,11105556,0.686000,0.031000,5.6,1,0.000011,9.215000,1.000000,-5.1,0.942,0.0,4.295,-6.44,0.842,1.0,0.999,0,1,1.0,0.0,0.0,0.0,A,G
19,11105556,11105556,0.686000,0.031000,5.6,1,0.000011,9.215000,1.000000,-5.11,0.931,0.0,4.295,-8.27,0.896,1.0,0.999,0,1,1.0,0.0,0.0,0.0,A,T
19,11105559,11105559,0.614000,0.006000,0.803,0.99996,0.027272,4.962000,1.000000,-4.12,0.907,0.02,3.405,-5.06,0.18,0.005,0.051,0,1,0.2273,0.1245,0.6482,0.0,G,C
19,11105561,11105561,0.614000,0.053000,3.49,0.999172,0.796376,1.942000,0.018000,-3.72,0.609,0.001,1.59,-3.3,0.252,0.932,0.904,0,1,0.2381,0.0,0.7619,0.0,G,T
19,11105564,11105564,0.545000,0.291000,-4.54,1,0.660519,-1.388000,0.000000,-3.72,0.509,0.824,0.545,-0.92,0.084,0.0,0.001,0,1,0.109,0.205,0.5332,0.1528,C,G
19,11105564,11105564,0.545000,0.291000,-4.54,1,0.660519,-1.388000,0.000000,-3.73,0.523,0.428,1.08,-1.46,0.151,0.028,0.089,0,1,0.109,0.205,0.5332,0.1528,C,T
19,11105565,11105565,0.545000,0.390000,3.36,1,0.660519,-0.425000,0.000000,-3.78,0.533,0.382,1.37,-2.59,0.073,0.043,0.131,0,1,0.3269,0.5087,0.0,0.1644,C,T
19,11105567,11105567,0.614000,0.614000,5.6,1,0.000010,9.883000,1.000000,-5.32,0.99,0.001,2.405,-4.59,0.821,1.0,0.999,1,1,0.0,0.0,1.0,0.0,G,A
19,11105567,11105567,0.614000,0.614000,5.6,1,0.000010,9.883000,1.000000,-5.35,0.954,0.0,3.095,-6.43,0.92,1.0,1.0,1,1,0.0,0.0,1.0,0.0,G,C
19,11105567,11105567,0.614000,0.614000,5.6,1,0.000010,9.883000,1.000000,-5.36,0.927,0.0,4.81,-8.26,0.947,1.0,1.0,1,1,0.0,0.0,1.0,0.0,G,T
19,11105568,11105568,0.686000,0.711000,5.6,1,0.000010,9.215000,1.000000,-5.36,0.932,0.0,4.115,-8.26,0.926,1.0,1.0,1,1,1.0,0.0,0.0,0.0,A,T
19,11105569,11105569,0.545000,0.769000,4.56,0.999999,0.000010,4.064000,1.000000,-5.23,0.953,0.014,3.035,-3.67,0.723,0.958,0.95,0,1,0.0,0.9235,0.0,0.0765,C,G
19,11105570,11105570,0.605000,0.808000,5.6,1,0.000004,7.924000,1.000000,-8.33,0.947,0.0,4.575,-11.02,0.961,1.0,1.0,1,1,0.0,0.0,0.0,1.0,T,C
19,11105570,11105570,0.605000,0.808000,5.6,1,0.000004,7.924000,1.000000,-8.33,0.98,0.0,4.925,-11.02,0.945,1.0,1.0,1,1,0.0,0.0,0.0,1.0,T,G
19,11105571,11105571,0.614000,0.832000,5.6,1,0.000004,9.883000,1.000000,-8.33,0.909,0.0,4.925,-10.1,0.963,1.0,1.0,1,1,0.0,0.0,1.0,0.0,G,A
19,11105571,11105571,0.614000,0.832000,5.6,1,0.000004,9.883000,1.000000,-8.33,0.997,0.0,4.925,-10.1,0.965,1.0,1.0,1,1,0.0,0.0,1.0,0.0,G,T
19,11105572,11105572,0.545000,0.845000,5.6,1,0.000004,2.679000,0.999000,-8.34,0.985,0.0,4.925,-10.1,0.964,1.0,1.0,1,1,0.0,1.0,0.0,0.0,C,G
19,11105575,11105575,0.614000,0.853000,3.43,0.999997,0.000374,0.885000,0.749000,-3.77,0.503,0.025,1.285,-4.05,0.299,0.819,0.847,1,1,0.1557,0.1429,0.7014,0.0,G,C
19,11105576,11105576,0.614000,0.846000,5.6,1,0.000010,9.883000,1.000000,-4.36,0.963,0.013,2.76,-4.48,0.77,0.996,0.986,1,1,0.0,0.0,1.0,0.0,G,A
19,11105576,11105576,0.614000,0.846000,5.6,1,0.000010,9.883000,1.000000,-4.46,0.961,0.01,4.05,-6.26,0.826,0.889,0.801,1,1,0.0,0.0,1.0,0.0,G,C
19,11105577,11105577,0.686000,0.831000,5.6,1,0.000010,9.215000,1.000000,-4.44,0.985,0.001,3.815,-7.2,0.817,0.998,0.99,1,1,1.0,0.0,0.0,0.0,A,C
19,11105577,11105577,0.686000,0.831000,5.6,1,0.000010,9.215000,1.000000,-4.47,0.978,0.07,3.225,-6.28,0.799,0.999,0.993,1,1,1.0,0.0,0.0,0.0,A,G
19,11105577,11105577,0.686000,0.831000,5.6,1,0.000010,9.215000,1.000000,-4.48,0.969,0.0,4.855,-8.15,0.863,0.998,0.996,1,1,1.0,0.0,0.0,0.0,A,T
19,11105578,11105578,0.545000,0.805000,5.6,0.999999,0.000010,0.630000,0.114000,-4.41,0.917,0.002,3.575,-3.6,0.616,0.943,0.905,1,1,0.0,0.9185,0.0,0.0815,C,G
19,11105582,11105582,0.605000,0.706000,5.6,1,0.000033,2.838000,0.901000,-4.57,0.929,0.001,4.77,-4.56,0.873,1.0,1.0,1,1,0.0,0.0,0.0,1.0,T,C
19,11105583,11105583,0.545000,0.683000,5.6,1,0.000033,2.828000,0.894000,-4.58,0.948,0.0,4.425,-4.56,0.752,1.0,1.0,1,1,0.0,1.0,0.0,0.0,C,G
19,11105585,11105585,0.614000,0.636000,5.6,1,0.000012,9.883000,1.000000,-5.57,0.938,0.002,3.94,-4.6,0.814,1.0,1.0,1,1,0.0,0.0,1.0,0.0,G,A
19,11105586,11105586,0.686000,0.611000,5.6,1,0.000012,9.215000,1.000000,-5.59,0.925,0.0,4.91,-8.28,0.908,1.0,1.0,1,1,1.0,0.0,0.0,0.0,A,T
19,11105587,11105587,-0.247000,0.568000,-0.195,0.999999,0.000012,-0.218000,0.513000,-5.54,0.953,0.001,3.67,-3.68,0.741,0.999,1.0,1,1,0.0,0.4756,0.0,0.5244,C,A
19,11105587,11105587,-0.247000,0.568000,-0.195,0.999999,0.000012,-0.218000,0.513000,-5.54,0.953,0.001,3.67,-3.68,0.741,0.999,1.0,1,1,0.0,0.4756,0.0,0.5244,C,G
19,11105588,11105588,0.614000,0.552000,5.6,1,0.000018,9.883000,1.000000,-5.18,0.96,0.001,4.365,-3.67,0.837,1.0,0.998,1,1,0.0,0.0,1.0,0.0,G,A
19,11105589,11105589,0.686000,0.523000,5.6,1,0.000018,9.215000,1.000000,-5.19,0.982,0.001,4.91,-5.51,0.818,1.0,0.998,1,1,1.0,0.0,0.0,0.0,A,C
19,11105589,11105589,0.686000,0.523000,5.6,1,0.000018,9.215000,1.000000,-5.2,0.972,0.0,4.91,-6.41,0.728,1.0,0.999,1,1,1.0,0.0,0.0,0.0,A,G
19,11105590,11105590,0.614000,0.473000,4.56,1,0.000018,0.626000,0.397000,-5.13,0.938,0.011,3.76,-2.71,0.673,0.561,0.707,1,1,0.0765,0.0,0.9235,0.0,G,C
19,11105591,11105591,0.614000,0.392000,3.31,0.693711,0.407756,0.865000,0.208000,-3.66,0.507,0.799,0.21,-0.83,0.219,0.002,0.007,0,1,0.0814,0.3266,0.5919,0.0,G,A
19,11105592,11105592,0.686000,0.261000,4.56,0.937996,0.407756,-0.138000,0.000000,-3.77,0.545,0.329,0.65,-1.02,0.176,0.001,0.005,1,1,0.7504,0.159,0.0906,0.0,A,T
19,11105594,11105594,-0.127000,0.035000,-4.75,0.999993,0.343708,-0.214000,0.000000,-3.65,0.633,0.503,0.8,-1.41,0.077,0.0,0.011,0,1,0.5739,0.114,0.3121,0.0,A,G
19,11105597,11105597,0.605000,0.024000,5.6,1,0.000004,7.924000,1.000000,-8.0,0.8,0.0,4.825,-10.71,0.91,1.0,1.0,1,1,0.0,0.0,0.0,1.0,T,C
19,11105597,11105597,0.605000,0.024000,5.6,1,0.000004,7.924000,1.000000,-8.0,0.764,0.002,4.48,-10.7,0.935,0.999,1.0,1,1,0.0,0.0,0.0,1.0,T,G
19,11105598,11105598,0.614000,0.019000,5.6,1,0.000004,9.883000,1.000000,-8.0,0.769,0.0,4.48,-9.84,0.953,1.0,1.0,1,1,0.0,0.0,1.0,0.0,G,A
19,11105599,11105599,-0.347000,0.011000,-2.43,1,0.000004,-0.338000,0.000000,-8.0,0.756,0.0,4.825,-9.84,0.94,1.0,1.0,1,1,0.0,0.2875,0.0,0.7125,C,G
19,11105600,11105600,-1.031000,0.007000,-0.169,1,0.017209,-0.284000,0.000000,-3.65,0.347,0.15,0.2,-0.82,0.193,0.0,0.001,0,1,0.2548,0.104,0.6413,0.0,G,A
19,11105600,11105600,-1.031000,0.007000,-0.169,1,0.017209,-0.284000,0.000000,-3.67,0.322,0.367,-0.765,-0.5,0.361,0.0,0.004,0,1,0.2548,0.104,0.6413,0.0,G,T
19,11106576,11106576,0.647000,0.916000,5.1,1,0.000006,8.009000,1.000000,-6.05,0.743,0.009,4.065,-9.14,0.943,0.97,0.949,0,1,0.0,0.0,0.0,1.0,T,A
19,11106576,11106576,0.647000,0.916000,5.1,1,0.000006,8.009000,1.000000,-6.07,0.794,0.0,4.61,-10.93,0.9,0.999,0.996,1,1,0.0,0.0,0.0,1.0,T,C
19,11106576,11106576,0.647000,0.916000,5.1,1,0.000006,8.009000,1.000000,-5.94,0.769,0.002,4.065,-10.91,0.925,0.959,0.984,1,1,0.0,0.0,0.0,1.0,T,G
19,11106579,11106579,0.583000,0.914000,4.05,0.999996,0.001165,1.693000,0.959000,-3.78,0.48,0.002,2.43,-6.06,0.735,0.998,0.961,1,1,0.0,0.8517,0.1483,0.0,C,T
19,11106582,11106582,0.583000,0.921000,5.1,0.999526,0.000030,4.844000,0.999000,-3.75,0.503,0.097,1.43,-6.04,0.642,0.053,0.143,0,1,0.0,1.0,0.0,0.0,C,G
19,11106585,11106585,0.658000,0.922000,5.1,1,0.000019,9.992000,1.000000,-3.68,0.556,0.053,1.6,-4.17,0.707,0.658,0.814,0,1,0.0,0.0,1.0,0.0,G,A
19,11106588,11106588,0.658000,0.942000,4.05,0.99998,0.000028,2.191000,0.994000,-3.86,0.755,0.004,1.695,-2.66,0.787,0.975,0.922,1,1,0.0,0.2929,0.7071,0.0,G,A
19,11106592,11106592,0.647000,0.942000,5.1,1,0.000015,8.009000,1.000000,-5.25,0.837,0.0,4.45,-7.32,0.896,1.0,1.0,1,1,0.0,0.0,0.0,1.0,T,G
19,11106597,11106597,0.647000,0.767000,5.1,1,0.000007,8.009000,1.000000,-8.33,0.894,0.0,4.62,-9.15,0.908,1.0,1.0,1,1,0.0,0.0,0.0,1.0,T,A
19,11106597,11106597,0.647000,0.767000,5.1,1,0.000007,8.009000,1.000000,-8.33,0.963,0.0,4.62,-10.99,0.963,1.0,1.0,1,1,0.0,0.0,0.0,1.0,T,C
19,11106607,11106607,0.658000,0.005000,5.1,1,0.000024,9.992000,1.000000,-3.92,0.679,0.002,3.13,-7.45,0.968,1.0,1.0,1,1,0.0,0.0,1.0,0.0,G,A
19,11106607,11106607,0.658000,0.005000,5.1,1,0.000024,9.992000,1.000000,-4.02,0.664,0.001,3.13,-8.37,0.97,1.0,1.0,1,1,0.0,0.0,1.0,0.0,G,T
19,11106610,11106610,-1.891000,0.000000,-2.41,1,0.465865,-0.007000,0.000000,-3.63,0.384,0.785,-1.13,0.52,0.205,0.0,0.0,0,1,0.3421,0.4564,0.2015,0.0,A,G
19,11106611,11106611,-2.219000,0.001000,0.15,1,0.465865,-0.559000,0.000000,-3.59,0.488,0.1,-0.265,-1.51,0.334,0.0,0.01,0,1,0.1146,0.3924,0.328,0.165,C,G
19,11106612,11106612,0.647000,0.013000,5.1,1,0.000007,8.009000,1.000000,-8.0,0.901,0.0,4.62,-10.85,0.961,0.99,0.994,1,1,0.0,0.0,0.0,1.0,T,G
19,11106613,11106613,0.658000,0.019000,5.1,1,0.000007,9.992000,1.000000,-8.0,0.886,0.0,4.275,-10.14,0.983,0.991,0.99,1,1,0.0,0.0,1.0,0.0,G,A
19,11106613,11106613,0.658000,0.019000,5.1,1,0.000007,9.992000,1.000000,-8.0,0.856,0.0,4.62,-9.12,0.959,0.992,0.987,1,1,0.0,0.0,1.0,0.0,G,C
19,11106613,11106613,0.658000,0.019000,5.1,1,0.000007,9.992000,1.000000,-8.0,0.872,0.0,4.62,-10.14,0.959,0.726,0.711,1,1,0.0,0.0,1.0,0.0,G,T
19,11106617,11106617,0.583000,0.349000,1.44,0.999996,0.045483,0.476000,0.994000,-4.9,0.695,0.0,3.47,-2.53,0.587,0.977,0.987,0,1,0.174,0.5387,0.0,0.2873,C,G
19,11106619,11106619,0.735000,0.467000,5.1,0.999726,0.000019,4.097000,0.999000,-3.71,0.422,0.037,0.09,-6.13,0.444,0.993,0.958,0,1,1.0,0.0,0.0,0.0,A,G
19,11106620,11106620,-0.877000,0.492000,-10.1,0.993635,0.000019,-2.602000,0.000000,-3.7,0.409,0.045,-0.04,-6.08,0.676,0.998,0.981,0,1,0.0,0.1834,0.0,0.8166,T,A
19,11106622,11106622,0.658000,0.801000,5.1,1,0.000023,7.992000,1.000000,-3.66,0.417,0.012,1.78,-5.87,0.888,0.995,0.978,0,1,0.0,0.0,1.0,0.0,G,A
19,11106628,11106628,0.658000,0.967000,4.0,0.998913,0.014264,0.678000,0.011000,-3.72,0.591,0.057,1.125,-4.72,0.758,0.977,0.954,1,1,0.0998,0.0,0.7375,0.1627,G,C
19,11106631,11106631,0.735000,0.984000,5.1,1,0.000053,6.346000,1.000000,-3.75,0.619,0.002,2.945,-5.21,0.916,0.989,0.993,1,1,1.0,0.0,0.0,0.0,A,C
19,11106633,11106633,0.647000,0.987000,5.1,1,0.000007,8.009000,1.000000,-6.63,0.92,0.005,4.275,-9.19,0.992,0.427,0.758,1,1,0.0,0.0,0.0,1.0,T,A
19,11106633,11106633,0.647000,0.987000,5.1,1,0.000007,8.009000,1.000000,-6.6,0.956,0.0,4.62,-11.03,0.986,0.998,0.995,1,1,0.0,0.0,0.0,1.0,T,C
19,11106634,11106634,0.658000,0.987000,5.1,1,0.000007,9.992000,1.000000,-6.64,0.955,0.0,4.62,-10.11,0.971,1.0,0.997,1,1,0.0,0.0,1.0,0.0,G,A
19,11106637,11106637,0.735000,0.975000,5.1,1,0.005569,9.315000,0.999000,-5.1,0.922,0.008,3.755,-3.39,0.696,0.671,0.819,1,1,1.0,0.0,0.0,0.0,A,G
19,11106638,11106638,0.583000,0.963000,5.1,1,0.005569,2.035000,0.938000,-5.04,0.914,0.003,3.755,-2.14,0.535,0.388,0.329,1,1,0.0,1.0,0.0,0.0,C,G
19,11106640,11106640,-0.146000,0.937000,-2.88,1,0.678506,-0.274000,0.000000,-3.67,0.61,0.29,0.04,-0.57,0.311,0.003,0.013,0,1,0.6731,0.0,0.3269,0.0,G,A
19,11106640,11106640,-0.146000,0.937000,-2.88,0.999999,0.678506,-0.274000,0.000000,-3.73,0.623,0.029,1.665,-2.65,0.624,0.801,0.851,1,1,0.6731,0.0,0.3269,0.0,G,C
19,11106640,11106640,-0.146000,0.937000,-2.88,0.999999,0.678506,-0.274000,0.000000,-3.68,0.749,0.037,0.86,-3.6,0.576,0.04,0.1,0,1,0.6731,0.0,0.3269,0.0,G,T
19,11106642,11106642,0.658000,0.941000,4.04,0.999069,0.000027,2.663000,0.172000,-3.77,0.842,0.738,0.59,-1.81,0.649,0.068,0.117,0,1,0.0,0.147,0.8529,0.0,G,A
19,11106646,11106646,0.735000,0.953000,2.9,1,0.978037,0.866000,0.000000,-3.63,0.479,0.199,0.065,-2.75,0.508,0.06,0.177,0,1,0.7057,0.1504,0.0,0.1438,A,C
19,11106646,11106646,0.735000,0.953000,2.9,1,0.978037,0.866000,0.000000,-3.72,0.49,0.087,1.59,-4.08,0.474,0.912,0.858,0,1,0.7057,0.1504,0.0,0.1438,A,G
19,11106649,11106649,0.735000,0.979000,5.1,1,0.000016,9.315000,1.000000,-5.26,0.893,0.001,4.485,-6.02,0.825,0.979,0.96,0,1,1.0,0.0,0.0,0.0,A,G
19,11106651,11106651,0.647000,0.985000,4.95,1,0.000006,8.009000,1.000000,-8.35,0.899,0.001,4.62,-9.2,0.977,1.0,1.0,1,1,0.0,0.0,0.0,1.0,T,A
19,11106657,11106657,0.658000,0.957000,5.1,1,0.000018,9.992000,1.000000,-4.36,0.916,0.014,3.155,-4.6,0.836,1.0,1.0,0,1,0.0,0.0,1.0,0.0,G,A
19,11106657,11106657,0.658000,0.957000,5.1,1,0.000018,9.992000,1.000000,-4.49,0.905,0.0,3.88,-8.28,0.916,1.0,1.0,1,1,0.0,0.0,1.0,0.0,G,T
19,11106660,11106660,-0.101000,0.827000,-1.01,0.815559,0.091715,-1.695000,0.000000,-3.65,0.549,0.54,-0.14,-1.25,0.284,0.0,0.003,0,1,0.2455,0.6805,0.0741,0.0,A,C
19,11106660,11106660,-0.101000,0.827000,-1.01,0.855956,0.091715,-1.695000,0.000000,-3.65,0.53,0.368,1.1,-1.57,0.306,0.027,0.137,0,1,0.2455,0.6805,0.0741,0.0,A,G
19,11106662,11106662,0.658000,0.742000,4.02,0.969862,0.091715,0.335000,0.048000,-3.67,0.559,0.286,1.1,-1.79,0.335,0.012,0.086,0,1,0.0,0.1579,0.6787,0.1634,G,A
19,11106666,11106666,0.658000,0.210000,5.1,1,0.000020,9.992000,1.000000,-5.57,0.945,0.001,4.045,-4.6,0.851,1.0,0.997,1,1,0.0,0.0,1.0,0.0,G,A
19,11106666,11106666,0.658000,0.210000,5.1,1,0.000020,9.992000,1.000000,-5.49,0.933,0.0,4.595,-6.45,0.923,1.0,1.0,1,1,0.0,0.0,1.0,0.0,G,C
19,11106666,11106666,0.658000,0.210000,5.1,1,0.000020,9.992000,1.000000,-5.6,0.981,0.0,4.595,-8.28,0.938,1.0,1.0,1,1,0.0,0.0,1.0,0.0,G,T
19,11106667,11106667,0.735000,0.193000,5.1,1,0.000020,9.315000,1.000000,-5.58,0.937,0.002,4.595,-6.34,0.853,0.999,0.994,1,1,1.0,0.0,0.0,0.0,A,G
19,11106667,11106667,0.735000,0.193000,5.1,1,0.000020,9.315000,1.000000,-5.59,0.968,0.0,4.595,-8.28,0.943,1.0,0.999,1,1,1.0,0.0,0.0,0.0,A,T
19,11106668,11106668,-0.151000,0.160000,-3.77,0.999998,0.000020,-1.193000,0.003000,-5.54,0.941,0.001,4.045,-3.68,0.851,0.97,0.966,1,1,0.0,0.1722,0.1425,0.6853,T,A
19,11106671,11106671,-0.082000,0.067000,4.06,1,0.000026,0.196000,0.026000,-5.36,0.952,0.0,4.595,-2.76,0.759,0.998,0.999,1,1,0.0899,0.0,0.9101,0.0,A,T
19,11106672,11106672,-0.201000,0.042000,-10.2,0.999976,0.519844,-0.107000,0.000000,-3.72,0.495,0.318,0.265,-0.35,0.203,0.0,0.001,0,1,0.2006,0.1255,0.6012,0.0727,G,A
19,11106675,11106675,0.658000,0.031000,5.1,1,0.000022,3.628000,1.000000,-3.61,0.561,0.049,1.135,-3.95,0.596,0.572,0.813,1,1,0.0,0.0,1.0,0.0,G,A
19,11106678,11106678,0.647000,0.027000,4.07,1,0.000007,8.009000,1.000000,-8.0,0.949,0.002,4.035,-9.0,0.978,0.938,0.898,1,1,0.0,0.0,0.1555,0.8445,T,A
19,11106679,11106679,0.658000,0.018000,5.1,1,0.000007,9.992000,1.000000,-8.0,0.85,0.0,4.585,-9.86,0.984,0.93,0.926,1,1,0.0,0.0,1.0,0.0,G,A
19,11106680,11106680,-1.841000,0.001000,-1.34,1,0.000007,-0.073000,0.001000,-8.0,0.925,0.0,4.585,-9.86,0.958,0.999,0.992,1,1,0.0,0.3084,0.0,0.6916,C,G
19,11106681,11106681,-1.545000,0.000000,-9.08,0.999993,0.996596,-1.960000,0.000000,-3.77,0.406,0.253,1.57,-0.47,0.156,0.0,0.0,1,1,0.4395,0.0,0.4797,0.0808,G,A
19,11106686,11106686,-3.709000,0.000000,-10.2,0.681838,0.000013,-5.469000,0.000000,-3.72,0.523,0.043,0.92,-3.96,0.422,0.049,0.075,0,1,0.0,0.2318,0.0815,0.6868,T,A
19,11107394,11107394,0.735000,0.038000,5.33,0.999798,0.000014,1.830000,0.291000,-3.77,0.58,0.251,0.575,-1.82,0.145,0.008,0.107,0,1,1.0,0.0,0.0,0.0,A,T
19,11107400,11107400,0.647000,0.003000,5.33,1,0.000005,6.134000,1.000000,-6.07,0.826,0.0,4.32,-9.93,0.98,0.991,0.99,1,1,0.0,0.0,0.0,1.0,T,C
19,11107400,11107400,0.647000,0.003000,5.33,1,0.000005,6.134000,1.000000,-5.94,0.82,0.002,4.32,-10.03,0.974,0.979,0.992,1,1,0.0,0.0,0.0,1.0,T,G
19,11107401,11107401,0.658000,0.003000,5.33,1,0.000005,9.872000,1.000000,-6.07,0.818,0.0,3.975,-9.28,0.983,1.0,0.997,1,1,0.0,0.0,1.0,0.0,G,A
19,11107402,11107402,-1.643000,0.002000,-8.4,1,0.000005,-3.111000,0.000000,-6.07,0.821,0.0,4.32,-9.29,0.978,1.0,1.0,1,1,0.0,0.2672,0.0,0.7328,C,G
19,11107405,11107405,-0.942000,0.009000,0.156,0.993364,0.005941,-0.534000,0.113000,-3.73,0.463,0.576,0.95,-1.28,0.236,0.001,0.009,0,1,0.3577,0.0,0.3197,0.3226,G,C
19,11107407,11107407,0.658000,0.025000,5.33,0.99997,0.000016,4.645000,1.000000,-3.75,0.522,0.006,2.025,-5.76,0.607,0.964,0.927,0,1,0.0,0.0,1.0,0.0,G,A
19,11107409,11107409,0.583000,0.106000,4.28,1,0.000020,4.057000,0.998000,-3.76,0.584,0.021,1.44,-6.19,0.574,0.926,0.813,0,1,0.0,0.8545,0.1455,0.0,C,T
19,11107410,11107410,-0.234000,0.156000,3.19,1,0.000020,6.072000,1.000000,-3.83,0.655,0.065,2.52,-7.14,0.679,0.999,0.996,0,1,0.0,0.7818,0.1407,0.0775,C,G
19,11107418,11107418,0.647000,0.857000,5.33,1,0.000010,7.915000,1.000000,-5.21,0.833,0.033,3.435,-5.03,0.702,0.395,0.558,0,1,0.0,0.0,0.0,1.0,T,C
19,11107419,11107419,0.647000,0.859000,5.33,1,0.000010,7.915000,1.000000,-5.13,0.802,0.0,2.9,-2.53,0.671,0.973,0.951,0,1,0.0,0.0,0.0,1.0,T,A
19,11107419,11107419,0.647000,0.859000,5.33,1,0.000010,7.915000,1.000000,-5.24,0.786,0.0,4.43,-6.75,0.902,0.985,0.955,0,1,0.0,0.0,0.0,1.0,T,C
19,11107419,11107419,0.647000,0.859000,5.33,1,0.000010,7.915000,1.000000,-5.25,0.827,0.0,4.635,-6.74,0.865,0.999,0.989,0,1,0.0,0.0,0.0,1.0,T,G
19,11107420,11107420,0.583000,0.856000,3.05,0.999997,0.000010,0.043000,0.860000,-5.21,0.833,0.033,3.435,-5.03,0.702,0.395,0.558,1,1,0.0,0.6987,0.0,0.3013,C,A
19,11107422,11107422,0.735000,0.831000,5.33,0.999995,0.000475,3.186000,0.991000,-3.75,0.517,0.009,1.415,-4.1,0.6,0.95,0.934,0,1,1.0,0.0,0.0,0.0,A,C
19,11107424,11107424,0.647000,0.786000,5.33,1,0.000004,7.915000,1.000000,-8.33,0.817,0.001,4.385,-8.45,0.875,0.268,0.567,0,1,0.0,0.0,0.0,1.0,T,A
19,11107424,11107424,0.647000,0.786000,5.33,1,0.000004,7.915000,1.000000,-8.33,0.87,0.001,5.08,-10.13,0.927,0.993,0.989,1,1,0.0,0.0,0.0,1.0,T,C
19,11107424,11107424,0.647000,0.786000,5.33,1,0.000004,7.915000,1.000000,-8.33,0.845,0.002,5.08,-10.07,0.867,0.938,0.966,1,1,0.0,0.0,0.0,1.0,T,G
19,11107425,11107425,0.658000,0.760000,5.33,1,0.000004,9.872000,1.000000,-8.33,0.82,0.001,5.08,-9.29,0.929,0.999,0.996,1,1,0.0,0.0,1.0,0.0,G,A
19,11107425,11107425,0.658000,0.760000,5.33,1,0.000004,9.872000,1.000000,-8.33,0.817,0.001,4.385,-8.45,0.875,0.268,0.567,0,1,0.0,0.0,1.0,0.0,G,C
19,11107425,11107425,0.658000,0.760000,5.33,1,0.000004,9.872000,1.000000,-8.33,0.839,0.001,5.08,-9.29,0.914,0.999,0.995,1,1,0.0,0.0,1.0,0.0,G,T
19,11107427,11107427,0.583000,0.699000,5.33,0.740397,0.014426,1.636000,0.101000,-3.72,0.548,0.044,0.715,-2.48,0.391,0.275,0.464,1,1,0.0,0.8485,0.1515,0.0,C,T
19,11107428,11107428,0.735000,0.673000,4.32,0.635335,0.014426,0.933000,0.058000,-3.63,0.548,1.0,-1.94,-0.09,0.101,0.0,0.002,0,1,0.7456,0.0,0.2544,0.0,A,G
19,11107429,11107429,0.583000,0.624000,0.63,0.739623,0.014426,-0.076000,0.007000,-3.65,0.621,0.254,-0.59,-1.44,0.138,0.002,0.008,0,1,0.2649,0.5442,0.1196,0.0713,C,A
19,11107432,11107432,-1.636000,0.193000,-6.27,0.999642,0.001877,-1.351000,0.000000,-4.45,0.661,0.003,3.445,-3.86,0.667,0.992,0.985,1,1,0.0,0.1449,0.0,0.8551,C,A
19,11107433,11107433,0.658000,0.188000,5.33,1,0.000018,9.872000,1.000000,-4.04,0.722,0.0,4.945,-7.59,0.861,1.0,0.996,1,1,0.0,0.0,1.0,0.0,G,T
19,11107439,11107439,0.647000,0.201000,5.33,1,0.000004,7.915000,1.000000,-8.0,0.899,0.0,3.905,-10.13,0.968,0.999,0.995,1,1,0.0,0.0,0.0,1.0,T,C
19,11107439,11107439,0.647000,0.201000,5.33,1,0.000004,7.915000,1.000000,-8.0,0.884,0.0,5.055,-10.03,0.935,0.979,0.992,1,1,0.0,0.0,0.0,1.0,T,G
19,11107440,11107440,0.658000,0.206000,5.33,1,0.000004,9.872000,1.000000,-8.0,0.836,0.0,4.155,-9.29,0.965,1.0,0.997,0,1,0.0,0.0,1.0,0.0,G,A
19,11107443,11107443,0.647000,0.213000,5.33,1,0.000016,7.915000,1.000000,-4.91,0.763,0.0,4.855,-5.07,0.814,0.994,0.981,1,1,0.0,0.0,0.0,1.0,T,G
19,11107445,11107445,-0.068000,0.210000,-10.7,0.999993,0.899605,-0.975000,0.000000,-3.52,0.499,0.683,-1.39,-1.81,0.134,0.0,0.004,0,1,0.1855,0.3411,0.1157,0.3577,A,C
19,11107454,11107454,0.735000,0.560000,5.33,0.999983,0.000324,3.233000,1.000000,-3.76,0.771,0.002,2.88,-3.29,0.649,0.979,0.894,1,1,1.0,0.0,0.0,0.0,A,G
19,11107458,11107458,0.647000,0.586000,5.33,1,0.000084,6.159000,1.000000,-3.93,0.725,0.003,4.535,-5.89,0.619,0.997,0.985,0,1,0.0,0.0,0.0,1.0,T,G
19,11107460,11107460,0.647000,0.566000,5.33,1,0.000004,7.915000,1.000000,-6.63,0.909,0.0,4.53,-10.17,0.982,0.979,0.992,1,1,0.0,0.0,0.0,1.0,T,G
19,11107461,11107461,0.658000,0.555000,5.33,1,0.000004,9.872000,1.000000,-6.64,0.887,0.0,5.08,-9.33,0.976,1.0,0.997,1,1,0.0,0.0,1.0,0.0,G,T
19,11107462,11107462,0.583000,0.531000,4.08,1,0.000004,0.627000,0.503000,-6.65,0.876,0.0,5.08,-9.33,0.984,1.0,1.0,1,1,0.0,0.9097,0.0,0.0903,C,G
19,11107463,11107463,0.735000,0.492000,0.852,0.999783,0.003162,0.109000,0.452000,-3.88,0.918,0.017,3.92,-3.29,0.477,0.077,0.176,1,1,0.6994,0.0,0.3006,0.0,A,C
19,11107464,11107464,0.735000,0.423000,5.33,0.999998,0.003162,9.205000,0.990000,-3.9,0.754,0.002,3.575,-3.89,0.42,0.853,0.835,0,1,1.0,0.0,0.0,0.0,A,C
19,11107464,11107464,0.735000,0.423000,5.33,0.999992,0.003162,9.205000,0.990000,-3.88,0.782,0.004,3.025,-3.05,0.333,0.521,0.293,0,1,1.0,0.0,0.0,0.0,A,G
19,11107466,11107466,-0.127000,0.114000,-1.8,0.999999,0.740478,-0.428000,0.000000,-3.67,0.506,0.067,-1.095,-0.86,0.147,0.001,0.024,0,1,0.4299,0.0,0.3538,0.2163,A,G
19,11107467,11107467,-1.154000,0.020000,-2.55,1,0.740478,-0.216000,0.000000,-3.64,0.446,0.188,-1.735,0.29,0.107,0.0,0.008,0,1,0.199,0.3797,0.27,0.1512,T,C
19,11107468,11107468,-0.907000,0.010000,-10.7,1,0.740478,-3.574000,0.000000,-3.68,0.567,0.044,0.345,-1.38,0.165,0.003,0.103,0,1,0.4497,0.3579,0.1924,0.0,G,A
19,11107469,11107469,0.658000,0.010000,4.26,1,0.463718,0.794000,0.000000,-4.32,0.522,0.395,-0.105,-0.65,0.221,0.034,0.068,1,1,0.1019,0.2765,0.6216,0.0,G,A
19,11107469,11107469,0.658000,0.010000,4.26,1,0.463718,0.794000,0.000000,-4.24,0.587,0.505,0.08,-0.35,0.38,0.004,0.122,1,1,0.1019,0.2765,0.6216,0.0,G,T
19,11107472,11107472,-0.729000,0.019000,-4.4,0.857434,0.000009,-0.651000,0.000000,-3.75,0.6,0.019,2.025,-4.69,0.686,0.837,0.78,1,1,0.2487,0.7513,0.0,0.0,A,G
19,11107473,11107473,0.658000,0.093000,5.33,0.932087,0.000009,4.133000,0.883000,-3.69,0.587,0.246,0.545,-1.04,0.284,0.008,0.089,0,1,0.0839,0.0,0.9161,0.0,G,A
19,11107473,11107473,0.658000,0.093000,5.33,0.988164,0.000009,4.133000,0.883000,-3.67,0.549,0.019,2.105,-3.88,0.604,0.947,0.919,0,1,0.0839,0.0,0.9161,0.0,G,C
19,11107475,11107475,0.658000,0.240000,4.3,1,0.000405,5.607000,1.000000,-5.36,0.928,0.0,4.985,-7.64,0.842,1.0,0.999,1,1,0.0818,0.0,0.9182,0.0,G,T
19,11107476,11107476,0.735000,0.300000,5.33,1,0.000405,9.205000,1.000000,-5.34,0.92,0.001,4.18,-6.79,0.726,0.997,0.984,1,1,1.0,0.0,0.0,0.0,A,C
19,11107476,11107476,0.735000,0.300000,5.33,1,0.000405,9.205000,1.000000,-5.26,0.935,0.003,4.64,-5.94,0.661,0.999,0.997,1,1,1.0,0.0,0.0,0.0,A,G
19,11107476,11107476,0.735000,0.300000,5.33,1,0.000405,9.205000,1.000000,-5.36,0.923,0.0,4.985,-7.64,0.807,0.948,0.852,1,1,1.0,0.0,0.0,0.0,A,T
19,11107478,11107478,0.647000,0.410000,5.33,1,0.000004,7.915000,1.000000,-8.35,0.953,0.0,5.08,-10.16,0.956,1.0,1.0,1,1,0.0,0.0,0.0,1.0,T,C
19,11107478,11107478,0.647000,0.410000,5.33,1,0.000004,7.915000,1.000000,-8.35,0.956,0.0,5.08,-10.17,0.956,1.0,1.0,0,1,0.0,0.0,0.0,1.0,T,G
19,11107479,11107479,0.658000,0.453000,5.33,1,0.000004,9.872000,1.000000,-8.35,0.985,0.0,5.08,-9.33,0.963,1.0,1.0,1,1,0.0,0.0,1.0,0.0,G,A
19,11107479,11107479,0.658000,0.453000,5.33,1,0.000004,9.872000,1.000000,-8.35,0.966,0.0,5.08,-9.33,0.939,1.0,1.0,1,1,0.0,0.0,1.0,0.0,G,T
19,11107480,11107480,0.583000,0.477000,1.9,1,0.000004,2.726000,1.000000,-8.36,0.968,0.0,5.08,-9.33,0.931,1.0,1.0,1,1,0.0,0.7581,0.0,0.2419,C,G
19,11107484,11107484,0.658000,0.526000,5.33,1,0.000010,9.810000,1.000000,-4.46,0.941,0.001,4.225,-5.9,0.949,1.0,0.993,1,1,0.0,0.0,1.0,0.0,G,C
19,11107484,11107484,0.658000,0.526000,5.33,1,0.000010,9.810000,1.000000,-4.49,0.96,0.001,5.03,-7.6,0.946,1.0,0.995,1,1,0.0,0.0,1.0,0.0,G,T
19,11107485,11107485,0.735000,0.527000,5.33,1,0.000010,9.147000,1.000000,-4.48,0.962,0.0,5.03,-7.6,0.946,0.988,0.985,1,1,1.0,0.0,0.0,0.0,A,T
19,11107486,11107486,-0.337000,0.520000,3.07,0.999986,0.000010,0.650000,0.998000,-4.41,0.956,0.026,3.99,-3.38,0.849,0.807,0.812,1,1,0.0,0.7382,0.0,0.2618,C,G
19,11107488,11107488,0.658000,0.525000,5.33,1,0.000031,6.665000,1.000000,-3.66,0.522,0.042,1.495,-10.55,0.481,0.687,0.588,1,1,0.0,0.0,1.0,0.0,G,C
19,11107489,11107489,0.658000,0.515000,5.33,1,0.000031,6.625000,1.000000,-3.71,0.881,0.003,3.455,-10.03,0.771,0.999,0.991,1,1,0.0,0.0,1.0,0.0,G,C
19,11107489,11107489,0.658000,0.515000,5.33,1,0.000031,6.625000,1.000000,-3.71,0.881,0.003,3.455,-10.03,0.771,0.999,0.991,0,1,0.0,0.0,1.0,0.0,G,T
19,11107491,11107491,0.583000,0.455000,5.33,1,0.000071,2.788000,0.989000,-4.55,0.839,0.001,3.675,-4.98,0.779,0.999,0.965,1,1,0.0,1.0,0.0,0.0,C,T
19,11107493,11107493,0.658000,0.367000,5.33,1,0.000013,9.872000,1.000000,-5.49,0.955,0.0,4.71,-5.94,0.89,1.0,1.0,1,1,0.0,0.0,1.0,0.0,G,C
19,11107493,11107493,0.658000,0.367000,5.33,1,0.000013,9.872000,1.000000,-5.6,0.887,0.0,5.055,-7.64,0.891,1.0,1.0,0,1,0.0,0.0,1.0,0.0,G,T
19,11107494,11107494,0.735000,0.318000,5.33,1,0.000013,9.205000,1.000000,-5.58,0.935,0.0,5.055,-5.94,0.882,1.0,1.0,1,1,1.0,0.0,0.0,0.0,A,G
19,11107495,11107495,-0.753000,0.232000,-7.15,0.999993,0.000013,-0.819000,0.024000,-5.54,0.956,0.0,5.055,-3.4,0.816,0.998,1.0,1,1,0.0,0.3012,0.0,0.6988,T,G
19,11107496,11107496,0.658000,0.222000,5.33,1,0.000019,9.872000,1.000000,-5.43,0.951,0.0,5.055,-3.4,0.846,1.0,1.0,1,1,0.0,0.0,1.0,0.0,G,A
19,11107498,11107498,-0.799000,0.164000,-0.367,0.999999,0.000019,1.617000,1.000000,-5.36,0.866,0.0,4.705,-2.55,0.677,0.997,0.999,1,1,0.5117,0.0,0.4883,0.0,A,T
19,11107500,11107500,0.583000,0.159000,5.33,1,0.000020,7.805000,1.000000,-3.75,0.494,0.0,2.255,-7.28,0.718,0.999,0.997,1,1,0.0,1.0,0.0,0.0,C,A
19,11107502,11107502,-0.794000,0.127000,-3.84,0.765219,0.061481,0.182000,0.006000,-3.74,0.495,0.231,1.12,-2.18,0.232,0.045,0.338,0,1,0.5175,0.4011,0.0814,0.0,A,T
19,11107503,11107503,0.647000,0.132000,5.33,0.995373,0.061481,4.053000,0.796000,-3.59,0.673,0.224,0.815,-4.25,0.344,0.192,0.618,0,1,0.0,0.0,0.0,1.0,T,A
19,11107503,11107503,0.647000,0.132000,5.33,0.985803,0.061481,4.053000,0.796000,-3.7,0.796,0.3,0.975,-2.62,0.243,0.02,0.387,0,1,0.0,0.0,0.0,1.0,T,C
19,11107506,11107506,0.735000,0.113000,4.32,0.999504,0.000389,2.556000,1.000000,-3.73,0.865,0.083,1.285,-4.29,0.57,0.608,0.833,1,1,0.9203,0.0,0.0797,0.0,A,C
19,11107506,11107506,0.735000,0.113000,4.32,0.996926,0.000389,2.556000,1.000000,-3.74,0.843,0.119,0.925,-1.77,0.232,0.001,0.028,1,1,0.9203,0.0,0.0797,0.0,A,G
19,11107508,11107508,0.658000,0.100000,4.28,0.999998,0.005545,4.746000,1.000000,-3.71,0.567,0.147,1.79,-3.04,0.551,0.719,0.837,0,1,0.0,0.1445,0.8555,0.0,G,A
19,11107509,11107509,0.735000,0.106000,5.33,0.999998,0.005545,5.903000,1.000000,-3.74,0.601,0.017,2.25,-5.18,0.483,0.902,0.882,0,1,1.0,0.0,0.0,0.0,A,G
19,11107510,11107510,0.658000,0.106000,0.817,0.999998,0.005545,0.186000,0.986000,-3.59,0.527,0.087,1.625,-2.17,0.207,0.0,0.015,0,1,0.2244,0.1317,0.6438,0.0,G,T
19,11107511,11107511,0.647000,0.101000,5.33,1,0.000004,7.915000,1.000000,-8.0,0.945,0.001,4.29,-10.05,0.904,0.999,0.994,1,1,0.0,0.0,0.0,1.0,T,C
19,11107511,11107511,0.647000,0.101000,5.33,1,0.000004,7.915000,1.000000,-8.0,0.959,0.004,4.29,-9.97,0.821,0.975,0.975,1,1,0.0,0.0,0.0,1.0,T,G
19,11107512,11107512,0.658000,0.089000,5.33,1,0.000004,9.872000,1.000000,-8.0,0.968,0.001,4.29,-9.29,0.897,1.0,0.997,1,1,0.0,0.0,1.0,0.0,G,A
19,11107514,11107514,0.658000,0.079000,2.08,1,0.485832,1.096000,0.734000,-2.73,0.545,0.044,3.35,-4.73,0.531,0.998,0.989,0,1,0.2328,0.1439,0.6232,0.0,G,T
19,11110655,11110655,0.594000,0.452000,5.4,0.999538,0.005895,1.849000,0.640000,-2.52,0.449,0.756,-2.055,-0.79,0.378,0.01,0.032,0,1,0.1619,0.8381,0.0,0.0,C,T
19,11110663,11110663,0.659000,0.618000,5.4,1,0.000004,7.764000,1.000000,-10.09,0.951,0.0,4.255,-11.31,0.991,1.0,1.0,1,1,0.0,0.0,0.0,1.0,T,C
19,11110664,11110664,0.670000,0.626000,5.4,1,0.000004,9.684000,1.000000,-10.09,0.956,0.0,4.805,-10.39,0.989,1.0,1.0,1,1,0.0,0.0,1.0,0.0,G,A
19,11110664,11110664,0.670000,0.626000,5.4,1,0.000004,9.684000,1.000000,-10.09,0.93,0.0,4.805,-10.39,0.986,1.0,1.0,1,1,0.0,0.0,1.0,0.0,G,T
19,11110667,11110667,0.659000,0.641000,2.13,0.999999,0.410004,0.669000,0.000000,-3.78,0.577,0.036,0.41,-4.1,0.351,0.956,0.897,0,1,0.1375,0.1548,0.0,0.7077,T,C
19,11110671,11110671,-0.200000,0.548000,0.855,0.942999,0.259780,0.624000,0.100000,-3.98,0.392,0.28,0.525,-0.72,0.315,0.009,0.02,0,1,0.1371,0.5011,0.1332,0.2286,C,G
19,11110673,11110673,0.749000,0.488000,4.37,0.999979,0.000250,2.344000,0.998000,-4.37,0.578,0.002,1.325,-4.31,0.238,0.006,0.029,0,1,0.9213,0.0,0.0787,0.0,A,G
19,11110678,11110678,0.670000,0.207000,5.4,1,0.000016,6.615000,1.000000,-4.93,0.802,0.0,3.195,-7.68,0.89,1.0,1.0,0,1,0.0,0.0,1.0,0.0,G,C
19,11110678,11110678,0.670000,0.207000,5.4,1,0.000016,6.615000,1.000000,-4.93,0.787,0.0,3.705,-8.63,0.799,1.0,1.0,1,1,0.0,0.0,1.0,0.0,G,T
19,11110679,11110679,0.670000,0.182000,5.4,1,0.000016,9.684000,1.000000,-4.89,0.794,0.0,2.785,-6.72,0.89,1.0,1.0,1,1,0.0,0.0,1.0,0.0,G,A
19,11110679,11110679,0.670000,0.182000,5.4,1,0.000016,9.684000,1.000000,-4.94,0.792,0.0,3.59,-8.64,0.869,1.0,1.0,1,1,0.0,0.0,1.0,0.0,G,T
19,11110681,11110681,0.670000,0.152000,4.37,1,0.000475,6.610000,1.000000,-4.83,0.744,0.0,3.655,-8.63,0.716,1.0,1.0,0,1,0.081,0.0,0.919,0.0,G,T
19,11110682,11110682,0.670000,0.158000,5.4,1,0.000475,7.841000,1.000000,-4.82,0.735,0.001,3.075,-8.63,0.772,1.0,1.0,0,1,0.0,0.0,1.0,0.0,G,T
19,11110684,11110684,0.659000,0.166000,5.4,1,0.000004,7.764000,1.000000,-6.92,0.917,0.001,4.805,-11.51,0.962,1.0,1.0,1,1,0.0,0.0,0.0,1.0,T,C
19,11110685,11110685,0.670000,0.167000,5.4,1,0.000004,9.684000,1.000000,-6.92,0.973,0.001,4.805,-10.55,0.98,1.0,1.0,1,1,0.0,0.0,1.0,0.0,G,A
19,11110685,11110685,0.670000,0.167000,5.4,1,0.000004,9.684000,1.000000,-6.9,0.909,0.0,4.805,-9.59,0.838,0.999,1.0,1,1,0.0,0.0,1.0,0.0,G,C
19,11110685,11110685,0.670000,0.167000,5.4,1,0.000004,9.684000,1.000000,-6.92,0.959,0.001,4.805,-10.55,0.966,1.0,1.0,1,1,0.0,0.0,1.0,0.0,G,T
19,11110687,11110687,0.659000,0.166000,5.4,0.999999,0.001048,4.733000,1.000000,-4.43,0.857,0.012,3.06,-4.77,0.82,0.996,0.977,0,1,0.0,0.0,0.1619,0.8381,T,C
19,11110688,11110688,0.594000,0.164000,5.4,1,0.001048,5.874000,1.000000,-4.44,0.93,0.0,3.865,-4.77,0.869,1.0,0.998,1,1,0.0,1.0,0.0,0.0,C,G
19,11110688,11110688,0.594000,0.164000,5.4,1,0.001048,5.874000,1.000000,-4.44,0.933,0.0,3.865,-5.74,0.89,1.0,0.999,1,1,0.0,1.0,0.0,0.0,C,T
19,11110690,11110690,0.594000,0.140000,5.4,1,0.000011,7.656000,1.000000,-4.39,0.903,0.0,2.445,-5.76,0.9,0.998,0.998,1,1,0.0,1.0,0.0,0.0,C,T
19,11110691,11110691,0.749000,0.114000,5.4,1,0.000011,9.030000,1.000000,-4.4,0.778,0.001,3.945,-9.59,0.945,0.992,0.999,1,1,1.0,0.0,0.0,0.0,A,C
19,11110692,11110692,-0.826000,0.067000,-2.6,0.98447,0.000011,-0.335000,0.000000,-4.17,0.781,0.133,0.915,-7.67,0.872,0.998,0.998,1,1,0.0,0.5013,0.0,0.4987,C,A
19,11110696,11110696,0.659000,0.078000,5.4,1,0.000004,7.764000,1.000000,-10.09,0.952,0.001,4.46,-11.51,0.994,1.0,1.0,1,1,0.0,0.0,0.0,1.0,T,C
19,11110696,11110696,0.659000,0.078000,5.4,1,0.000004,7.764000,1.000000,-10.09,0.973,0.002,4.805,-11.51,0.992,1.0,1.0,1,1,0.0,0.0,0.0,1.0,T,G
19,11110697,11110697,0.670000,0.074000,5.4,1,0.000004,9.684000,1.000000,-10.09,0.963,0.0,4.46,-10.55,0.993,1.0,1.0,1,1,0.0,0.0,1.0,0.0,G,A
19,11110697,11110697,0.670000,0.074000,5.4,1,0.000004,9.684000,1.000000,-10.09,0.96,0.0,4.46,-10.55,0.988,1.0,1.0,1,1,0.0,0.0,1.0,0.0,G,T
19,11110698,11110698,0.594000,0.063000,4.37,1,0.000004,1.674000,0.999000,-10.09,0.94,0.0,4.805,-10.55,0.994,1.0,1.0,1,1,0.0,0.845,0.0,0.155,C,G
19,11110699,11110699,-0.071000,0.045000,-1.07,0.824806,0.156625,1.717000,0.990000,-3.94,0.416,0.206,0.215,-1.92,0.437,0.559,0.731,0,1,0.4436,0.3687,0.0691,0.1186,A,C
19,11110699,11110699,-0.071000,0.045000,-1.07,0.690694,0.156625,1.717000,0.990000,-3.95,0.394,0.256,1.38,-2.36,0.273,0.037,0.164,0,1,0.4436,0.3687,0.0691,0.1186,A,G
19,11110701,11110701,-3.564000,0.020000,-10.8,0.896311,0.156625,-6.801000,0.000000,-3.85,0.466,1.0,-0.24,-0.12,0.194,0.001,0.01,0,1,0.1402,0.1041,0.1655,0.5902,T,A
19,11110714,11110714,0.670000,0.049000,5.4,1,0.000016,9.684000,1.000000,-4.21,0.876,0.087,0.77,-5.73,0.845,1.0,1.0,1,1,0.0,0.0,1.0,0.0,G,A
19,11110714,11110714,0.670000,0.049000,5.4,1,0.000016,9.684000,1.000000,-4.34,0.814,0.001,2.94,-7.67,0.935,1.0,1.0,1,1,0.0,0.0,1.0,0.0,G,C
19,11110714,11110714,0.670000,0.049000,5.4,1,0.000016,9.684000,1.000000,-4.4,0.834,0.0,4.14,-8.63,0.891,1.0,1.0,1,1,0.0,0.0,1.0,0.0,G,T
19,11110715,11110715,0.670000,0.038000,4.37,1,0.000016,9.684000,1.000000,-4.32,0.77,0.002,2.985,-6.71,0.926,1.0,1.0,1,1,0.0802,0.0,0.9198,0.0,G,A
19,11110715,11110715,0.670000,0.038000,4.37,1,0.000016,9.684000,1.000000,-4.38,0.94,0.001,3.79,-8.63,0.966,1.0,1.0,1,1,0.0802,0.0,0.9198,0.0,G,T
19,11110717,11110717,-0.771000,0.007000,-5.15,0.999998,0.373945,1.339000,0.025000,-4.49,0.835,0.002,4.135,-8.22,0.744,0.481,0.534,0,1,0.0,0.5543,0.0,0.4457,T,G
19,11110722,11110722,-0.112000,0.005000,2.9,0.999218,0.000640,1.027000,1.000000,-4.4,0.497,0.028,1.765,-2.48,0.48,0.133,0.164,0,1,0.1571,0.0,0.8429,0.0,G,T
19,11110723,11110723,0.659000,0.007000,5.4,1,0.000004,7.742000,1.000000,-10.09,0.988,0.001,4.81,-9.62,0.989,1.0,1.0,1,1,0.0,0.0,0.0,1.0,T,A
19,11110723,11110723,0.659000,0.007000,5.4,1,0.000004,7.742000,1.000000,-10.09,0.982,0.001,4.81,-11.54,0.989,1.0,1.0,1,1,0.0,0.0,0.0,1.0,T,C
19,11110723,11110723,0.659000,0.007000,5.4,1,0.000004,7.742000,1.000000,-10.09,0.989,0.013,4.81,-11.53,0.975,1.0,1.0,1,1,0.0,0.0,0.0,1.0,T,G
19,11110724,11110724,0.670000,0.007000,5.4,1,0.000004,9.655000,1.000000,-10.09,0.989,0.001,4.81,-10.58,0.976,1.0,1.0,1,1,0.0,0.0,1.0,0.0,G,A
19,11110724,11110724,0.670000,0.007000,5.4,1,0.000004,9.655000,1.000000,-10.09,0.988,0.001,4.81,-9.62,0.989,1.0,1.0,1,1,0.0,0.0,1.0,0.0,G,C
19,11110724,11110724,0.670000,0.007000,5.4,1,0.000004,9.655000,1.000000,-10.09,0.972,0.001,4.81,-10.58,0.97,1.0,1.0,1,1,0.0,0.0,1.0,0.0,G,T
19,11110729,11110729,0.659000,0.007000,5.4,1,0.000004,7.742000,1.000000,-10.09,0.99,0.003,4.805,-11.57,0.981,1.0,1.0,1,1,0.0,0.0,0.0,1.0,T,G
19,11110730,11110730,0.670000,0.005000,5.4,1,0.000004,9.655000,1.000000,-10.09,0.991,0.001,4.805,-10.6,0.997,1.0,1.0,1,1,0.0,0.0,1.0,0.0,G,A
19,11110730,11110730,0.670000,0.005000,5.4,1,0.000004,9.655000,1.000000,-10.09,0.988,0.001,4.46,-10.6,0.994,1.0,1.0,1,1,0.0,0.0,1.0,0.0,G,T
19,11110731,11110731,-1.565000,0.001000,-2.7,1,0.000004,-1.188000,0.005000,-10.09,0.959,0.0,4.805,-10.6,0.978,1.0,1.0,1,1,0.0,0.7412,0.0,0.2588,C,G
19,11110733,11110733,0.594000,0.002000,5.4,0.999999,0.008303,4.665000,0.999000,-4.28,0.845,0.085,0.655,-6.45,0.852,0.436,0.209,0,1,0.1619,0.8381,0.0,0.0,C,G
19,11110735,11110735,0.670000,0.002000,-0.687,1,0.585871,0.471000,0.000000,-4.01,0.631,0.132,0.89,-1.73,0.338,0.32,0.421,0,1,0.2737,0.1276,0.5986,0.0,G,C
19,11110735,11110735,0.670000,0.002000,-0.687,1,0.585871,0.471000,0.000000,-4.03,0.635,0.023,1.2,-2.58,0.371,0.793,0.617,1,1,0.2737,0.1276,0.5986,0.0,G,T
19,11110738,11110738,0.670000,0.038000,4.37,1,0.000015,9.655000,1.000000,-5.27,0.976,0.012,3.625,-5.78,0.928,1.0,1.0,1,1,0.0802,0.0,0.9198,0.0,G,A
19,11110738,11110738,0.670000,0.038000,4.37,1,0.000015,9.655000,1.000000,-5.34,0.978,0.0,4.72,-8.67,0.966,1.0,1.0,1,1,0.0802,0.0,0.9198,0.0,G,T
19,11110739,11110739,0.670000,0.056000,5.4,1,0.000015,9.655000,1.000000,-5.26,0.96,0.001,3.135,-6.75,0.942,1.0,1.0,1,1,0.0,0.0,1.0,0.0,G,A
19,11110739,11110739,0.670000,0.056000,5.4,1,0.000015,9.655000,1.000000,-5.31,0.954,0.003,4.17,-5.78,0.917,0.999,0.999,1,1,0.0,0.0,1.0,0.0,G,C
19,11110739,11110739,0.670000,0.056000,5.4,1,0.000015,9.655000,1.000000,-5.33,0.977,0.001,4.375,-8.67,0.963,1.0,1.0,1,1,0.0,0.0,1.0,0.0,G,T
19,11110747,11110747,-0.188000,0.124000,1.91,0.999992,0.000410,2.569000,0.983000,-5.07,0.804,0.0,3.37,-2.89,0.769,0.993,0.997,0,1,0.0,0.6459,0.0,0.3541,C,G
19,11110748,11110748,0.659000,0.201000,5.19,1,0.000410,7.742000,1.000000,-5.15,0.827,0.0,3.505,-6.67,0.944,1.0,1.0,0,1,0.0,0.0,0.0,1.0,T,C
19,11110754,11110754,-0.798000,0.266000,-2.07,0.624439,0.019729,1.482000,0.696000,-4.06,0.502,0.001,0.65,-1.22,0.248,0.083,0.061,0,1,0.5137,0.1259,0.3604,0.0,C,T
19,11110760,11110760,0.670000,0.246000,-1.41,0.999966,0.915184,0.384000,0.002000,-4.36,0.668,0.007,2.27,-1.67,0.176,0.891,0.254,1,1,0.5165,0.0,0.3377,0.1458,G,A
19,11110760,11110760,0.670000,0.246000,-1.41,0.999729,0.915184,0.384000,0.002000,-4.42,0.831,0.002,3.31,-3.81,0.654,0.91,0.703,1,1,0.5165,0.0,0.3377,0.1458,G,C
19,11110765,11110765,0.659000,0.282000,5.19,1,0.000004,7.662000,1.000000,-5.56,0.946,0.0,4.805,-9.37,0.965,1.0,0.999,1,1,0.0,0.0,0.0,1.0,T,A
19,11110765,11110765,0.659000,0.282000,5.19,1,0.000004,7.662000,1.000000,-5.56,0.971,0.0,4.805,-11.23,0.964,1.0,1.0,1,1,0.0,0.0,0.0,1.0,T,C
19,11110766,11110766,0.670000,0.301000,5.19,1,0.000004,9.550000,1.000000,-5.56,0.977,0.0,4.805,-10.37,0.978,1.0,1.0,1,1,0.0,0.0,1.0,0.0,G,A
19,11110766,11110766,0.670000,0.301000,5.19,1,0.000004,9.550000,1.000000,-5.56,0.974,0.0,4.805,-10.37,0.956,1.0,1.0,1,1,0.0,0.0,1.0,0.0,G,T
19,11110767,11110767,-0.874000,0.310000,-4.59,1,0.000004,-1.201000,0.005000,-5.58,0.973,0.0,4.805,-10.2,0.958,1.0,1.0,1,1,0.0,0.1952,0.0,0.8048,C,G
19,11110771,11110771,0.670000,0.494000,5.19,1,0.000013,9.550000,1.000000,-5.37,0.907,0.0,2.775,-4.64,0.854,1.0,1.0,1,1,0.0,0.0,1.0,0.0,G,A
19,11111514,11111514,0.691000,0.363000,5.46,1,0.000013,9.215000,1.000000,-5.38,0.928,0.0,4.095,-7.43,0.942,1.0,1.0,1,1,1.0,0.0,0.0,0.0,A,C
19,11111514,11111514,0.691000,0.363000,5.46,1,0.000013,9.215000,1.000000,-5.38,0.954,0.0,3.505,-6.48,0.961,1.0,1.0,1,1,1.0,0.0,0.0,0.0,A,G
19,11111514,11111514,0.691000,0.363000,5.46,1,0.000013,9.215000,1.000000,-5.39,0.945,0.0,3.89,-8.36,0.96,1.0,1.0,1,1,1.0,0.0,0.0,0.0,A,T
19,11111518,11111518,-0.919000,0.306000,-5.38,0.991058,0.000018,-3.086000,0.000000,-3.24,0.78,0.001,2.345,-2.78,0.75,0.986,0.977,0,1,0.0,0.3075,0.0,0.6925,C,G
19,11111519,11111519,0.618000,0.313000,3.29,0.999726,0.000350,3.597000,1.000000,-3.77,0.941,0.001,4.44,-7.63,0.76,1.0,0.999,1,1,0.3248,0.0,0.6752,0.0,G,T
19,11111520,11111520,0.691000,0.312000,5.46,0.999902,0.000350,9.215000,1.000000,-3.74,0.921,0.001,4.44,-6.82,0.8,0.994,0.975,1,1,1.0,0.0,0.0,0.0,A,C
19,11111520,11111520,0.691000,0.312000,5.46,1,0.000350,9.215000,1.000000,-3.77,0.925,0.0,4.09,-7.76,0.786,0.995,0.994,1,1,1.0,0.0,0.0,0.0,A,T
19,11111522,11111522,0.618000,0.330000,5.46,1,0.000017,9.883000,1.000000,-5.18,0.914,0.0,4.315,-3.73,0.913,1.0,1.0,1,1,0.0,0.0,1.0,0.0,G,A
19,11111522,11111522,0.618000,0.330000,5.46,1,0.000017,9.883000,1.000000,-5.19,0.915,0.0,4.17,-2.8,0.742,1.0,1.0,0,1,0.0,0.0,1.0,0.0,G,C
19,11111523,11111523,0.691000,0.344000,5.46,1,0.000017,9.215000,1.000000,-5.18,0.96,0.0,4.865,-6.53,0.901,1.0,1.0,1,1,1.0,0.0,0.0,0.0,A,G
19,11111523,11111523,0.691000,0.344000,5.46,1,0.000017,9.215000,1.000000,-5.2,0.926,0.0,4.06,-6.53,0.889,1.0,1.0,0,1,1.0,0.0,0.0,0.0,A,T
19,11111525,11111525,0.609000,0.369000,5.46,1,0.000004,7.924000,1.000000,-5.91,0.965,0.0,4.575,-11.21,0.988,1.0,1.0,1,1,0.0,0.0,0.0,1.0,T,C
19,11111525,11111525,0.609000,0.369000,5.46,1,0.000004,7.924000,1.000000,-5.9,0.945,0.0,4.92,-11.2,0.987,1.0,1.0,1,1,0.0,0.0,0.0,1.0,T,G
19,11111526,11111526,0.618000,0.378000,5.46,1,0.000004,9.883000,1.000000,-5.91,0.952,0.0,4.575,-10.27,0.986,1.0,1.0,1,1,0.0,0.0,1.0,0.0,G,A
19,11111528,11111528,0.549000,0.375000,2.0,0.592064,0.048189,1.986000,0.976000,-2.9,0.514,0.173,0.88,-1.98,0.179,0.045,0.19,0,1,0.0,0.4344,0.5656,0.0,C,A
19,11111531,11111531,-0.163000,0.298000,0.436,0.997628,0.529756,0.547000,0.995000,-2.99,0.466,1.0,0.16,1.78,0.059,0.0,0.001,0,1,0.315,0.3976,0.2873,0.0,G,A
19,11111531,11111531,-0.163000,0.298000,0.436,0.987856,0.529756,0.547000,0.995000,-3.04,0.536,0.047,0.965,-1.48,0.108,0.001,0.013,0,1,0.315,0.3976,0.2873,0.0,G,C
19,11111532,11111532,0.691000,0.280000,4.38,0.982723,0.529756,7.282000,1.000000,-2.98,0.518,0.026,0.51,-3.69,0.188,0.03,0.043,0,1,0.8544,0.0,0.0,0.1456,A,C
19,11111533,11111533,-0.321000,0.247000,0.077,0.998413,0.529756,-0.236000,0.322000,-2.93,0.456,0.295,-0.91,-1.25,0.058,0.0,0.001,0,1,0.0,0.5055,0.3274,0.1671,T,G
19,11111534,11111534,0.549000,0.235000,5.46,0.999999,0.001460,6.036000,1.000000,-4.46,0.466,0.004,1.635,-7.46,0.438,0.995,0.973,1,1,0.0,1.0,0.0,0.0,C,T
19,11111543,11111543,0.609000,0.704000,5.46,1,0.000004,7.835000,1.000000,-5.91,0.977,0.0,4.57,-11.2,0.964,1.0,1.0,1,1,0.0,0.0,0.0,1.0,T,C
19,11111543,11111543,0.609000,0.704000,5.46,1,0.000004,7.835000,1.000000,-5.9,0.947,0.0,4.915,-11.2,0.945,1.0,1.0,1,1,0.0,0.0,0.0,1.0,T,G
19,11111544,11111544,0.618000,0.747000,5.46,1,0.000004,9.770000,1.000000,-5.91,0.936,0.0,4.915,-10.27,0.967,1.0,1.0,1,1,0.0,0.0,1.0,0.0,G,A
19,11111544,11111544,0.618000,0.747000,5.46,1,0.000004,9.770000,1.000000,-5.89,0.904,0.0,4.365,-9.34,0.884,1.0,1.0,1,1,0.0,0.0,1.0,0.0,G,C
19,11111544,11111544,0.618000,0.747000,5.46,1,0.000004,9.770000,1.000000,-5.91,0.977,0.0,4.915,-10.27,0.961,1.0,1.0,1,1,0.0,0.0,1.0,0.0,G,T
19,11111546,11111546,0.691000,0.790000,5.46,1,0.000001,5.949000,1.000000,-3.02,0.786,0.001,1.98,-3.72,0.559,0.97,0.941,0,1,1.0,0.0,0.0,0.0,A,G
19,11111550,11111550,0.691000,0.824000,5.46,1,0.000035,9.109000,1.000000,-4.45,0.899,0.0,3.175,-5.6,0.915,1.0,1.0,1,1,1.0,0.0,0.0,0.0,A,C
19,11111552,11111552,-0.316000,0.823000,-1.12,0.900446,0.141976,0.853000,0.999000,-4.42,0.629,0.015,0.555,-1.95,0.056,0.001,0.026,0,1,0.5954,0.2053,0.114,0.0853,C,T
19,11111555,11111555,0.609000,0.849000,5.46,1,0.000004,7.835000,1.000000,-5.89,0.946,0.0,4.92,-9.34,0.981,1.0,1.0,1,1,0.0,0.0,0.0,1.0,T,A
19,11111555,11111555,0.609000,0.849000,5.46,1,0.000004,7.835000,1.000000,-5.91,0.984,0.0,4.92,-11.2,0.987,1.0,1.0,1,1,0.0,0.0,0.0,1.0,T,C
19,11111555,11111555,0.609000,0.849000,5.46,1,0.000004,7.835000,1.000000,-5.9,0.983,0.0,4.92,-11.2,0.982,1.0,1.0,1,1,0.0,0.0,0.0,1.0,T,G
19,11111556,11111556,0.618000,0.857000,5.46,1,0.000004,9.770000,1.000000,-5.91,0.98,0.0,4.575,-10.27,0.984,1.0,1.0,1,1,0.0,0.0,1.0,0.0,G,A
19,11111556,11111556,0.618000,0.857000,5.46,1,0.000004,9.770000,1.000000,-5.89,0.946,0.0,4.92,-9.34,0.981,1.0,1.0,1,1,0.0,0.0,1.0,0.0,G,C
19,11111558,11111558,0.618000,0.873000,4.42,0.997681,0.072551,2.282000,0.992000,-4.47,0.622,0.003,1.825,-2.17,0.225,0.987,0.916,0,1,0.1659,0.0,0.8341,0.0,G,A
19,11111561,11111561,0.691000,0.879000,5.56,1,0.000007,9.109000,1.000000,-5.16,0.898,0.0,4.815,-7.47,0.913,1.0,1.0,1,1,1.0,0.0,0.0,0.0,A,T
19,11111562,11111562,0.691000,0.872000,5.56,1,0.000007,9.109000,1.000000,-5.14,0.94,0.001,4.27,-5.6,0.907,1.0,1.0,1,1,1.0,0.0,0.0,0.0,A,C
19,11111562,11111562,0.691000,0.872000,5.56,1,0.000007,9.109000,1.000000,-5.16,0.9,0.0,4.47,-8.4,0.902,1.0,1.0,1,1,1.0,0.0,0.0,0.0,A,T
19,11111565,11111565,0.609000,0.800000,4.55,1,0.024009,0.777000,0.124000,-3.0,0.675,0.034,2.535,-4.63,0.791,0.99,0.983,0,1,0.0,0.0774,0.0,0.9226,T,C
19,11111567,11111567,0.618000,0.651000,1.75,1,0.679958,0.986000,0.007000,-2.97,0.439,0.016,0.96,-0.68,0.114,0.007,0.044,0,1,0.0,0.3664,0.6335,0.0,G,C
19,11111570,11111570,0.618000,0.224000,5.56,1,0.000019,9.770000,1.000000,-6.16,0.9,0.0,4.815,-8.0,0.952,1.0,1.0,1,1,0.0,0.0,1.0,0.0,G,T
19,11111571,11111571,0.618000,0.174000,5.56,1,0.000019,9.770000,1.000000,-6.16,0.926,0.0,3.53,-6.3,0.951,1.0,1.0,1,1,0.0,0.0,1.0,0.0,G,A
19,11111571,11111571,0.618000,0.174000,5.56,1,0.000019,9.770000,1.000000,-6.15,0.876,0.003,3.92,-5.3,0.873,1.0,1.0,1,1,0.0,0.0,1.0,0.0,G,C
19,11111571,11111571,0.618000,0.174000,5.56,1,0.000019,9.770000,1.000000,-6.16,0.945,0.001,3.92,-7.94,0.975,1.0,1.0,1,1,0.0,0.0,1.0,0.0,G,T
19,11111574,11111574,0.618000,0.225000,3.4,0.513696,0.000684,4.771000,1.000000,-3.22,0.544,0.381,1.78,-1.69,0.249,0.215,0.651,0,1,0.0751,0.1366,0.7883,0.0,G,A
19,11111576,11111576,0.609000,0.359000,5.56,1,0.015002,7.835000,1.000000,-3.57,0.804,0.0,4.395,-8.53,0.834,0.997,0.995,1,1,0.0,0.0,0.0,1.0,T,G
19,11111577,11111577,-0.186000,0.390000,2.15,0.999999,0.015002,4.084000,1.000000,-3.56,0.875,0.0,3.845,-7.6,0.87,0.99,0.99,1,1,0.6148,0.0,0.0,0.3852,A,C
19,11111577,11111577,-0.186000,0.390000,2.15,1,0.015002,4.084000,1.000000,-3.57,0.931,0.0,3.59,-7.6,0.817,0.999,0.995,1,1,0.6148,0.0,0.0,0.3852,A,G
19,11111580,11111580,0.691000,0.732000,5.56,1,0.000413,9.109000,1.000000,-3.08,0.54,0.0,2.22,-5.6,0.581,1.0,0.997,0,1,1.0,0.0,0.0,0.0,A,T
19,11111582,11111582,0.609000,0.828000,4.54,1,0.000004,7.835000,1.000000,-5.89,0.905,0.0,4.575,-9.34,0.97,1.0,1.0,1,1,0.1392,0.0,0.0,0.8608,T,A
19,11111582,11111582,0.609000,0.828000,4.54,1,0.000004,7.835000,1.000000,-5.91,0.972,0.0,4.925,-11.2,0.975,1.0,1.0,1,1,0.1392,0.0,0.0,0.8608,T,C
19,11111582,11111582,0.609000,0.828000,4.54,1,0.000004,7.835000,1.000000,-5.9,0.949,0.0,4.925,-11.2,0.976,1.0,1.0,1,1,0.1392,0.0,0.0,0.8608,T,G
19,11111583,11111583,0.618000,0.850000,5.56,1,0.000004,9.770000,1.000000,-5.91,0.975,0.0,4.925,-10.27,0.965,1.0,1.0,1,1,0.0,0.0,1.0,0.0,G,A
19,11111583,11111583,0.618000,0.850000,5.56,1,0.000004,9.770000,1.000000,-5.89,0.905,0.0,4.575,-9.34,0.97,1.0,1.0,1,1,0.0,0.0,1.0,0.0,G,C
19,11111583,11111583,0.618000,0.850000,5.56,1,0.000004,9.770000,1.000000,-5.91,0.972,0.0,4.925,-10.27,0.97,1.0,1.0,1,1,0.0,0.0,1.0,0.0,G,T
19,11111586,11111586,0.691000,0.893000,5.56,0.994377,0.005334,9.109000,1.000000,-4.42,0.661,0.001,1.63,-3.1,0.588,0.155,0.472,1,1,1.0,0.0,0.0,0.0,A,C
19,11111587,11111587,0.618000,0.906000,4.47,0.728929,0.005334,-0.042000,0.826000,-4.45,0.543,0.0,1.16,-2.2,0.143,0.461,0.581,0,1,0.298,0.0,0.702,0.0,G,C
19,11111588,11111588,0.609000,0.913000,5.56,1,0.000004,7.835000,1.000000,-5.91,0.981,0.0,4.92,-11.2,0.986,1.0,1.0,1,1,0.0,0.0,0.0,1.0,T,C
19,11111588,11111588,0.609000,0.913000,5.56,1,0.000004,7.835000,1.000000,-5.9,0.98,0.0,4.37,-11.2,0.981,1.0,1.0,1,1,0.0,0.0,0.0,1.0,T,G
19,11111589,11111589,0.618000,0.916000,5.56,1,0.000004,9.770000,1.000000,-5.91,0.987,0.0,4.92,-10.27,0.974,1.0,1.0,1,1,0.0,0.0,1.0,0.0,G,A
19,11111591,11111591,0.618000,0.910000,-3.71,1,0.517654,-0.239000,0.000000,-2.94,0.501,0.41,0.75,-0.52,0.184,0.001,0.012,0,1,0.2628,0.4754,0.144,0.1178,G,A
19,11111597,11111597,0.618000,0.848000,5.56,1,0.000015,9.770000,1.000000,-3.67,0.923,0.0,3.67,-7.43,0.82,1.0,1.0,0,1,0.0,0.0,1.0,0.0,G,C
19,11111598,11111598,0.618000,0.849000,4.53,1,0.000015,9.770000,1.000000,-3.66,0.88,0.0,2.98,-6.5,0.837,1.0,1.0,0,1,0.077,0.0,0.923,0.0,G,A
19,11111604,11111604,0.691000,0.769000,2.36,0.999882,0.297163,4.188000,1.000000,-4.4,0.81,0.009,2.59,-4.49,0.628,0.759,0.941,1,1,0.7762,0.0,0.2238,0.0,A,C
19,11111606,11111606,-0.314000,0.694000,-2.45,0.805415,0.281876,1.687000,1.000000,-2.87,0.566,0.044,2.285,-0.76,0.095,0.0,0.01,1,1,0.7168,0.2064,0.0,0.0769,C,G
19,11111607,11111607,0.609000,0.677000,4.53,0.999998,0.281876,5.854000,1.000000,-2.88,0.759,0.001,2.495,-4.26,0.493,0.734,0.92,1,1,0.0,0.0769,0.0,0.9231,T,C
19,11111607,11111607,0.609000,0.677000,4.53,0.926441,0.281876,5.854000,1.000000,-2.94,0.877,0.174,2,-3.55,0.468,0.523,0.789,1,1,0.0,0.0769,0.0,0.9231,T,G
19,11111609,11111609,0.618000,0.634000,5.56,1,0.000355,9.770000,1.000000,-3.0,0.598,0.0,2.915,-8.45,0.757,1.0,0.996,1,1,0.0,0.0,1.0,0.0,G,T
19,11111611,11111611,-0.305000,0.572000,3.41,0.999993,0.000355,0.709000,0.995000,-2.89,0.552,0.027,1.095,-3.73,0.373,0.047,0.183,0,1,0.0,0.7094,0.2906,0.0,C,G
19,11111613,11111613,0.549000,0.536000,4.53,1,0.000021,1.273000,0.593000,-3.0,0.519,0.011,2.08,-5.95,0.554,0.564,0.759,0,1,0.0,0.9216,0.0,0.0784,C,A
19,11111613,11111613,0.549000,0.536000,4.53,1,0.000021,1.273000,0.593000,-2.97,0.594,0.381,1.555,-5.6,0.14,0.806,0.77,0,1,0.0,0.9216,0.0,0.0784,C,T
19,11111615,11111615,0.549000,0.448000,1.86,1,0.978953,0.084000,0.000000,-2.88,0.514,0.373,-1.39,-1.28,0.227,0.051,0.18,0,1,0.349,0.3118,0.2369,0.1022,C,A
19,11111615,11111615,0.549000,0.448000,1.86,1,0.978953,0.084000,0.000000,-2.81,0.534,0.29,-3.52,-1.98,0.248,0.022,0.237,0,1,0.349,0.3118,0.2369,0.1022,C,G
19,11111618,11111618,0.691000,0.276000,4.54,0.999968,0.000545,4.269000,0.975000,-4.4,0.546,0.014,0.14,-3.47,0.393,0.207,0.632,1,1,0.861,0.0,0.0,0.139,A,G
19,11111619,11111619,-0.239000,0.181000,4.51,0.999991,0.000545,3.194000,0.970000,-4.36,0.562,0.002,-1.035,-4.55,0.481,0.985,0.949,1,1,0.0,0.8429,0.1571,0.0,C,A
19,11111619,11111619,-0.239000,0.181000,4.51,0.999994,0.000545,3.194000,0.970000,-4.4,0.543,0.005,-0.635,-4.73,0.48,0.994,0.993,0,1,0.0,0.8429,0.1571,0.0,C,G
19,11111622,11111622,-0.122000,0.116000,1.18,1,0.683829,1.963000,0.003000,-4.43,0.471,0.425,-0.315,-1.67,0.072,0.003,0.04,0,1,0.5297,0.1461,0.3242,0.0,A,G
19,11111624,11111624,0.618000,0.125000,-0.825,0.998791,0.052177,-0.270000,0.000000,-3.01,0.661,0.204,0.62,-1.98,0.24,0.9,0.928,0,1,0.4419,0.0,0.2395,0.3186,G,C
19,11111627,11111627,0.609000,0.131000,5.56,1,0.000004,7.835000,1.000000,-5.89,0.895,0.0,4.565,-9.43,0.967,1.0,1.0,1,1,0.0,0.0,0.0,1.0,T,A
19,11111627,11111627,0.609000,0.131000,5.56,1,0.000004,7.835000,1.000000,-5.91,0.965,0.0,4.915,-11.29,0.961,1.0,1.0,1,1,0.0,0.0,0.0,1.0,T,C
19,11111628,11111628,0.618000,0.132000,5.56,1,0.000004,9.770000,1.000000,-5.91,0.885,0.0,4.915,-10.37,0.969,1.0,1.0,1,1,0.0,0.0,1.0,0.0,G,A
19,11111629,11111629,0.549000,0.128000,3.46,1,0.000004,4.020000,1.000000,-5.91,0.949,0.0,4.915,-10.3,0.958,1.0,1.0,0,1,0.0,0.8423,0.0,0.1577,C,G
19,11111630,11111630,0.691000,0.118000,5.56,1,0.000011,9.109000,1.000000,-4.36,0.459,0.001,1.88,-3.77,0.605,0.994,0.954,1,1,1.0,0.0,0.0,0.0,A,C
19,11111630,11111630,0.691000,0.118000,5.56,1,0.000011,9.109000,1.000000,-4.36,0.417,0.001,1.605,-3.77,0.671,0.995,0.976,1,1,1.0,0.0,0.0,0.0,A,G
19,11111632,11111632,-0.821000,0.067000,1.08,0.999995,0.000011,-0.031000,0.788000,-4.41,0.455,0.001,2.495,-4.71,0.593,0.999,0.994,0,1,0.428,0.0,0.572,0.0,G,T
19,11111633,11111633,0.618000,0.066000,5.56,1,0.001079,6.523000,1.000000,-4.33,0.475,0.033,1.52,-2.63,0.142,0.507,0.635,0,1,0.0,0.0,0.8414,0.1586,G,T
19,11111634,11111634,0.549000,0.060000,5.56,1,0.001079,5.983000,1.000000,-4.38,0.512,0.001,1.665,-3.73,0.446,0.999,0.924,0,1,0.0,1.0,0.0,0.0,C,T
19,11111639,11111639,0.618000,0.053000,4.53,1,0.004267,4.981000,1.000000,-2.64,0.799,0.003,1.62,-5.46,0.242,0.966,0.879,1,1,0.079,0.0,0.921,0.0,G,A
19,11111639,11111639,0.618000,0.053000,4.53,1,0.004267,4.981000,1.000000,-2.69,0.571,0.001,2.125,-7.36,0.557,0.999,0.985,1,1,0.079,0.0,0.921,0.0,G,C
19,11113278,11113278,0.671000,0.049000,2.69,1,0.004267,2.881000,0.999000,-2.62,0.581,0.022,0.69,-6.58,0.301,0.223,0.189,1,1,0.1665,0.0,0.8335,0.0,G,A
19,11113278,11113278,0.671000,0.049000,2.69,1,0.004267,2.881000,0.999000,-2.73,0.615,0.001,1.8,-8.03,0.636,0.997,0.985,0,1,0.1665,0.0,0.8335,0.0,G,T
19,11113280,11113280,0.660000,0.054000,2.79,0.978591,0.026674,2.403000,0.023000,-2.62,0.774,0.367,-0.3,0.26,0.147,0.0,0.0,1,1,0.6277,0.0,0.1101,0.2622,T,A
19,11113280,11113280,0.660000,0.054000,2.79,0.751616,0.026674,2.403000,0.023000,-2.63,0.597,0.037,-0.15,-2.11,0.116,0.0,0.003,0,1,0.6277,0.0,0.1101,0.2622,T,C
19,11113281,11113281,0.594000,0.059000,3.82,0.914334,0.026674,1.274000,0.015000,-2.71,0.563,0.007,0.905,-3.37,0.296,0.597,0.486,0,1,0.1601,0.8399,0.0,0.0,C,T
19,11113286,11113286,0.671000,0.156000,4.87,0.996312,0.000908,2.493000,0.995000,-3.02,0.952,0.006,0.585,-1.8,0.682,0.991,0.74,1,1,0.0,0.0,1.0,0.0,G,A
19,11113286,11113286,0.671000,0.156000,4.87,0.991524,0.000908,2.493000,0.995000,-3.03,0.946,0.032,0.66,-1.25,0.476,0.44,0.676,1,1,0.0,0.0,1.0,0.0,G,T
19,11113287,11113287,0.594000,0.195000,3.81,0.999606,0.000908,5.891000,0.998000,-3.05,0.939,0.003,1.025,-2.57,0.78,0.936,0.843,1,1,0.0,0.8372,0.1628,0.0,C,A
19,11113287,11113287,0.594000,0.195000,3.81,0.998477,0.000908,5.891000,0.998000,-2.94,0.83,0.006,0.79,-2.36,0.649,0.977,0.75,0,1,0.0,0.8372,0.1628,0.0,C,T
19,11113292,11113292,0.594000,0.329000,4.87,1,0.000106,7.810000,1.000000,-3.38,0.894,0.0,1.355,-3.91,0.662,0.993,0.98,1,1,0.0,1.0,0.0,0.0,C,T
19,11113296,11113296,0.660000,0.389000,4.87,0.879771,0.021147,4.912000,0.879000,-2.69,0.818,0.001,1.025,-4.42,0.538,0.051,0.187,1,1,0.0,0.0,0.0,1.0,T,C
19,11113299,11113299,0.660000,0.454000,4.87,1,0.000008,6.183000,1.000000,-2.88,0.827,0.0,2.075,-7.82,0.564,1.0,0.997,1,1,0.0,0.0,0.0,1.0,T,C
19,11113300,11113300,0.594000,0.454000,3.84,1,0.000008,3.323000,1.000000,-2.82,0.918,0.0,0.91,-5.86,0.493,0.994,0.96,1,1,0.0,0.8235,0.0,0.1765,C,A
19,11113301,11113301,0.750000,0.448000,4.87,1,0.000013,7.403000,1.000000,-2.81,0.905,0.001,1.51,-5.86,0.465,0.965,0.977,1,1,1.0,0.0,0.0,0.0,A,C
19,11113301,11113301,0.750000,0.448000,4.87,1,0.000013,7.403000,1.000000,-2.56,0.819,0.029,0.14,-3.91,0.356,0.078,0.428,1,1,1.0,0.0,0.0,0.0,A,T
19,11113302,11113302,0.594000,0.431000,4.87,1,0.000013,7.810000,1.000000,-2.81,0.887,0.0,1.635,-5.86,0.549,0.963,0.985,1,1,0.0,1.0,0.0,0.0,C,T
19,11113305,11113305,0.750000,0.272000,4.87,1,0.000006,6.036000,1.000000,-2.76,0.757,0.002,1.475,-5.86,0.747,0.286,0.47,0,1,1.0,0.0,0.0,0.0,A,C
19,11113305,11113305,0.750000,0.272000,4.87,1,0.000006,6.036000,1.000000,-2.82,0.795,0.001,1.97,-8.79,0.849,0.779,0.922,0,1,1.0,0.0,0.0,0.0,A,T
19,11113306,11113306,-0.871000,0.122000,1.6,0.999983,0.000006,0.646000,0.998000,-2.8,0.927,0.007,2.08,-5.86,0.799,0.991,0.973,1,1,0.0,0.6532,0.0,0.3468,C,A
19,11113306,11113306,-0.871000,0.122000,1.6,0.999982,0.000006,0.646000,0.998000,-2.8,0.927,0.007,2.08,-5.86,0.799,0.991,0.973,1,1,0.0,0.6532,0.0,0.3468,C,G
19,11113307,11113307,0.594000,0.102000,4.87,0.999998,0.000019,4.795000,1.000000,-2.91,0.929,0.0,2.82,-7.32,0.744,1.0,0.999,1,1,0.0,1.0,0.0,0.0,C,T
19,11113308,11113308,0.671000,0.071000,4.87,0.999986,0.000019,4.315000,1.000000,-2.85,0.95,0.023,1.575,-3.54,0.272,0.999,0.979,1,1,0.0,0.0,1.0,0.0,G,A
19,11113308,11113308,0.671000,0.071000,4.87,0.999998,0.000019,4.315000,1.000000,-2.85,0.947,0.001,2.015,-6.37,0.822,1.0,0.997,1,1,0.0,0.0,1.0,0.0,G,C
19,11113312,11113312,-2.544000,0.004000,-5.03,0.999999,0.000010,-2.244000,0.000000,-2.78,0.465,0.008,1.59,-5.74,0.23,0.999,0.973,0,1,0.0,0.3981,0.0,0.6019,C,G
19,11113313,11113313,0.671000,0.013000,4.87,1,0.000018,9.816000,1.000000,-2.79,0.583,0.004,1.035,-2.66,0.53,0.978,0.937,1,1,0.0,0.0,1.0,0.0,G,C
19,11113314,11113314,0.750000,0.017000,4.87,1,0.000018,9.125000,1.000000,-2.78,0.839,0.003,1.535,-5.4,0.556,0.866,0.904,1,1,1.0,0.0,0.0,0.0,A,C
19,11113314,11113314,0.750000,0.017000,4.87,1,0.000018,9.125000,1.000000,-2.82,0.696,0.001,1.93,-6.37,0.681,0.666,0.818,1,1,1.0,0.0,0.0,0.0,A,T
19,11113315,11113315,0.671000,0.019000,2.38,0.999689,0.000018,-0.351000,0.404000,-2.78,0.554,0.65,0.375,-1.63,0.209,0.001,0.023,0,1,0.3704,0.0,0.6296,0.0,G,C
19,11113316,11113316,0.671000,0.017000,4.87,1,0.000085,4.806000,1.000000,-2.58,0.639,0.784,-0.235,-0.32,0.159,0.094,0.116,0,1,0.0,0.0,1.0,0.0,G,A
19,11113319,11113319,-0.808000,0.006000,-2.0,0.999986,0.000007,-0.168000,0.000000,-2.92,0.722,0.0,2.2,-6.83,0.88,0.983,0.954,1,1,0.3901,0.6099,0.0,0.0,A,G
19,11113321,11113321,-0.908000,0.028000,-0.218,1,0.000007,0.369000,0.997000,-2.84,0.701,0.0,2.655,-5.86,0.879,0.983,0.938,1,1,0.0,0.377,0.4932,0.1298,G,T
19,11113322,11113322,0.750000,0.089000,4.87,0.999624,0.000011,5.891000,1.000000,-2.82,0.809,0.002,1.6,-3.08,0.62,0.92,0.744,1,1,1.0,0.0,0.0,0.0,A,G
19,11113325,11113325,0.750000,0.148000,3.83,0.99999,0.000048,5.196000,1.000000,-2.69,0.434,0.046,0.075,-1.2,0.293,0.633,0.616,0,1,0.8397,0.1603,0.0,0.0,A,G
19,11113325,11113325,0.750000,0.148000,3.83,0.999986,0.000048,5.196000,1.000000,-2.64,0.463,0.183,-0.065,-0.96,0.288,0.005,0.067,0,1,0.8397,0.1603,0.0,0.0,A,T
19,11113326,11113326,0.660000,0.149000,4.87,1,0.000048,6.141000,1.000000,-2.79,0.818,0.002,0.83,-3.91,0.724,0.977,0.996,1,1,0.0,0.0,0.0,1.0,T,C
19,11113327,11113327,0.671000,0.144000,4.87,0.999998,0.000048,2.301000,1.000000,-2.61,0.443,1.0,-0.845,-0.78,0.268,0.252,0.397,0,1,0.0,0.0,1.0,0.0,G,A
19,11113329,11113329,0.594000,0.106000,4.87,0.999992,0.000496,1.705000,0.865000,-2.8,0.453,0.133,1.13,-3.26,0.674,0.397,0.564,1,1,0.0,1.0,0.0,0.0,C,G
19,11113332,11113332,0.660000,0.109000,3.86,1,0.010132,5.067000,1.000000,-3.09,0.734,0.0,2.05,-5.56,0.747,0.986,0.942,1,1,0.0,0.0869,0.0,0.9131,T,A
19,11113332,11113332,0.660000,0.109000,3.86,1,0.010132,5.067000,1.000000,-3.09,0.876,0.0,2.195,-5.59,0.811,0.946,0.942,1,1,0.0,0.0869,0.0,0.9131,T,G
19,11113334,11113334,0.671000,0.135000,4.87,1,0.000432,7.884000,1.000000,-3.05,0.839,0.028,1.17,-3.97,0.358,0.988,0.958,1,1,0.0,0.0,1.0,0.0,G,C
19,11113335,11113335,0.750000,0.143000,3.86,0.999998,0.000432,3.081000,0.998000,-3.0,0.85,0.062,0.98,-4.17,0.376,0.002,0.082,1,1,0.912,0.0,0.088,0.0,A,G
19,11113335,11113335,0.750000,0.143000,3.86,1,0.000432,3.081000,0.998000,-3.05,0.633,0.328,0.895,-4.04,0.446,0.778,0.92,0,1,0.912,0.0,0.088,0.0,A,T
19,11113336,11113336,0.594000,0.145000,3.84,0.999639,0.000432,0.730000,0.782000,-2.91,0.458,1.0,1.025,-1.27,0.135,0.018,0.152,0,1,0.0,0.7271,0.0,0.2728,C,A
19,11113337,11113337,-0.229000,0.141000,3.82,0.999964,0.000045,0.809000,0.739000,-2.8,0.858,0.0,2.2,-6.84,0.719,0.999,0.99,1,1,0.1593,0.8407,0.0,0.0,C,T
19,11113338,11113338,0.671000,0.146000,3.84,0.999961,0.000045,1.834000,0.731000,-2.73,0.89,0.002,0.705,-5.63,0.759,0.985,0.954,1,1,0.0867,0.0,0.9133,0.0,G,C
19,11113338,11113338,0.671000,0.146000,3.84,0.999957,0.000045,1.834000,0.731000,-2.78,0.66,0.002,1.16,-5.92,0.698,0.178,0.359,1,1,0.0867,0.0,0.9133,0.0,G,T
19,11113343,11113343,0.671000,0.442000,4.87,0.999998,0.000019,5.828000,1.000000,-2.82,0.84,0.003,0.47,-3.46,0.743,0.748,0.649,1,1,0.0,0.0,1.0,0.0,G,A
19,11113344,11113344,0.750000,0.582000,4.87,0.999996,0.000019,6.263000,1.000000,-2.92,0.542,0.019,0.935,-5.58,0.601,0.869,0.898,0,1,1.0,0.0,0.0,0.0,A,G
19,11113346,11113346,0.660000,0.706000,4.87,1,0.000062,6.180000,1.000000,-2.81,0.654,0.001,2.475,-9.76,0.862,0.986,0.971,1,1,0.0,0.0,0.0,1.0,T,G
19,11113347,11113347,0.750000,0.731000,4.87,1,0.000062,7.386000,1.000000,-2.81,0.565,0.001,3.17,-8.79,0.865,0.996,0.971,1,1,1.0,0.0,0.0,0.0,A,G
19,11113349,11113349,-0.070000,0.748000,1.47,0.965109,0.006441,0.723000,0.056000,-2.92,0.592,0.006,1.7,-3.95,0.268,0.644,0.799,0,1,0.7018,0.0,0.1604,0.1377,A,C
19,11113355,11113355,0.594000,0.962000,3.83,0.999261,0.002149,0.991000,0.414000,-3.05,0.437,0.032,1.575,-2.98,0.228,0.014,0.049,0,1,0.0,0.7508,0.1625,0.0867,C,T
19,11113356,11113356,0.660000,0.974000,4.87,1,0.002149,6.187000,0.963000,-3.01,0.89,0.001,1.98,-5.75,0.66,0.979,0.946,1,1,0.0,0.0,0.0,1.0,T,C
19,11113359,11113359,0.660000,0.987000,4.87,0.999992,0.000743,6.187000,0.944000,-2.81,0.842,0.001,1.23,-3.91,0.533,0.8,0.805,1,1,0.0,0.0,0.0,1.0,T,C
19,11113361,11113361,-0.224000,0.987000,-0.252,0.999988,0.007992,0.167000,0.004000,-2.78,0.369,0.053,1.45,-4.15,0.166,0.001,0.01,0,1,0.2672,0.5028,0.1489,0.0812,C,A
19,11113362,11113362,0.594000,0.990000,4.87,1,0.007992,2.773000,0.019000,-2.87,0.402,0.007,1.755,-6.39,0.511,0.5,0.53,0,1,0.0,1.0,0.0,0.0,C,T
19,11113364,11113364,0.750000,0.992000,4.87,0.788821,0.002547,1.407000,0.010000,-2.76,0.516,0.542,0.46,-2.16,0.409,0.169,0.287,0,1,0.8263,0.1736,0.0,0.0,A,G
19,11113365,11113365,0.750000,0.992000,4.87,0.793409,0.002547,2.115000,0.015000,-2.77,0.496,0.358,0.685,-1.51,0.36,0.171,0.097,0,1,0.9084,0.0,0.0916,0.0,A,G
19,11113365,11113365,0.750000,0.992000,4.87,0.866614,0.002547,2.115000,0.015000,-2.79,0.811,0.076,1.655,-3.89,0.644,0.871,0.829,1,1,0.9084,0.0,0.0916,0.0,A,T
19,11113368,11113368,0.656000,0.982000,4.87,1,0.000288,6.180000,0.990000,-2.94,0.89,0.001,2.17,-6.42,0.907,0.148,0.324,1,1,0.0,0.0,0.0,1.0,T,C
19,11113368,11113368,0.656000,0.982000,4.87,0.99999,0.000288,6.180000,0.990000,-2.98,0.632,0.001,2.45,-5.39,0.838,0.936,0.922,1,1,0.0,0.0,0.0,1.0,T,G
19,11113374,11113374,0.745000,0.939000,4.87,1,0.000007,9.211000,1.000000,-2.86,0.885,0.001,2.63,-5.6,0.697,0.682,0.724,0,1,1.0,0.0,0.0,0.0,A,C
19,11113374,11113374,0.745000,0.939000,4.87,1,0.000007,9.211000,1.000000,-2.82,0.894,0.177,1.33,-4.65,0.622,0.286,0.298,0,1,1.0,0.0,0.0,0.0,A,G
19,11113375,11113375,-0.842000,0.922000,-3.66,0.999994,0.000007,-0.914000,0.001000,-2.86,0.9,0.001,1.655,-5.57,0.798,0.956,0.789,1,1,0.0,0.3823,0.0,0.6177,C,A
19,11113375,11113375,-0.842000,0.922000,-3.66,0.999994,0.000007,-0.914000,0.001000,-2.86,0.9,0.001,1.655,-5.57,0.798,0.956,0.789,1,1,0.0,0.3823,0.0,0.6177,C,G
19,11113376,11113376,0.667000,0.926000,4.87,0.999994,0.000085,2.718000,0.147000,-2.88,0.861,0.016,1.705,-2.27,0.505,0.112,0.373,1,1,0.0,0.0,1.0,0.0,G,C
19,11113376,11113376,0.667000,0.926000,4.87,0.999994,0.000085,2.718000,0.147000,-2.88,0.861,0.016,1.705,-2.27,0.505,0.112,0.373,1,1,0.0,0.0,1.0,0.0,G,T
19,11113382,11113382,0.667000,0.934000,4.87,1,0.000022,8.011000,1.000000,-2.92,0.92,0.001,1.685,-3.78,0.555,0.993,0.907,1,1,0.0,0.0,1.0,0.0,G,A
19,11113382,11113382,0.667000,0.934000,4.87,1,0.000022,8.011000,1.000000,-2.96,0.84,0.001,2.68,-4.8,0.927,0.997,0.999,1,1,0.0,0.0,1.0,0.0,G,C
19,11113383,11113383,0.591000,0.944000,4.87,1,0.000022,7.810000,1.000000,-2.52,0.78,0.002,1.4,-3.82,0.619,0.78,0.818,1,1,0.0,1.0,0.0,0.0,C,G
19,11113385,11113385,0.591000,0.963000,3.61,0.999962,0.000379,1.508000,0.800000,-2.99,0.735,0.002,1.755,-1.96,0.427,1.0,0.995,1,1,0.0,0.7334,0.0,0.2666,C,A
19,11113386,11113386,0.656000,0.972000,4.87,1,0.000379,7.920000,1.000000,-2.87,0.836,0.0,3.075,-6.87,0.928,1.0,0.998,1,1,0.0,0.0,0.0,1.0,T,C
19,11113386,11113386,0.656000,0.972000,4.87,1,0.000379,7.920000,1.000000,-3.07,0.805,0.0,3.075,-5.89,0.916,1.0,0.996,0,1,0.0,0.0,0.0,1.0,T,G
19,11113388,11113388,0.667000,0.978000,4.87,1,0.000011,9.879000,1.000000,-2.9,0.956,0.001,2.53,-6.67,0.858,0.999,0.977,1,1,0.0,0.0,1.0,0.0,G,C
19,11113388,11113388,0.667000,0.978000,4.87,1,0.000011,9.879000,1.000000,-2.89,0.96,0.0,3.225,-8.59,0.899,1.0,0.99,1,1,0.0,0.0,1.0,0.0,G,T
19,11113389,11113389,0.745000,0.978000,4.87,1,0.000011,5.966000,1.000000,-2.5,0.858,0.001,1.84,-7.55,0.506,0.974,0.913,1,1,1.0,0.0,0.0,0.0,A,C
19,11113391,11113391,0.745000,0.972000,-0.899,0.707446,0.261813,0.560000,0.053000,-2.8,0.725,0.023,0,-2.23,0.304,0.041,0.35,1,1,0.59,0.0,0.41,0.0,A,C
19,11113392,11113392,-0.203000,0.964000,1.01,0.572946,0.261813,1.051000,0.033000,-2.8,0.902,0.017,-0.345,-1.98,0.368,0.198,0.187,1,1,0.0,0.3769,0.0,0.6231,C,A
19,11113392,11113392,-0.203000,0.964000,1.01,0.564722,0.261813,1.051000,0.033000,-2.79,0.89,0.01,0,-2.25,0.365,0.397,0.645,1,1,0.0,0.3769,0.0,0.6231,C,G
19,11113392,11113392,-0.203000,0.964000,1.01,0.664728,0.261813,1.051000,0.033000,-2.79,0.835,0.329,-1.24,0.36,0.109,0.001,0.01,1,1,0.0,0.3769,0.0,0.6231,C,T
19,11113394,11113394,0.667000,0.977000,4.87,0.999848,0.000628,4.603000,1.000000,-2.77,0.78,0.02,0.975,-3.29,0.675,0.372,0.538,0,1,0.0,0.0,1.0,0.0,G,A
19,11113395,11113395,0.745000,0.985000,4.87,0.999971,0.000628,7.399000,1.000000,-2.73,0.873,0.011,0.975,-4.93,0.259,0.68,0.705,0,1,1.0,0.0,0.0,0.0,A,G
19,11113395,11113395,0.745000,0.985000,4.87,0.999985,0.000628,7.399000,1.000000,-2.73,0.722,0.211,0.83,-5.87,0.609,0.58,0.771,0,1,1.0,0.0,0.0,0.0,A,T
19,11113397,11113397,0.667000,0.993000,3.84,0.997499,0.017492,2.089000,0.980000,-2.81,0.616,0.078,0.99,-1.86,0.168,0.019,0.103,0,1,0.183,0.0,0.817,0.0,G,A
19,11113398,11113398,0.656000,0.994000,4.87,0.999981,0.017492,6.061000,1.000000,-2.75,0.713,0.001,1.79,-5.45,0.778,0.343,0.497,1,1,0.0,0.0,0.0,1.0,T,A
19,11113398,11113398,0.656000,0.994000,4.87,0.999649,0.017492,6.061000,1.000000,-2.68,0.844,0.002,1.245,-3.62,0.458,0.072,0.386,1,1,0.0,0.0,0.0,1.0,T,C
19,11113400,11113400,0.667000,0.994000,2.64,0.986917,0.062407,1.417000,0.947000,-2.8,0.52,0.144,1.39,-2.16,0.109,0.002,0.018,0,1,0.0818,0.1408,0.6324,0.145,G,A
19,11113400,11113400,0.667000,0.994000,2.64,0.996461,0.062407,1.417000,0.947000,-2.85,0.62,0.09,1.13,-3.4,0.279,0.0,0.006,0,1,0.0818,0.1408,0.6324,0.145,G,C
19,11113406,11113406,0.745000,0.982000,4.87,0.99226,0.000007,1.034000,0.006000,-3.91,0.712,0.032,2.13,-3.37,0.502,0.008,0.096,0,1,1.0,0.0,0.0,0.0,A,G
19,11113406,11113406,0.745000,0.982000,4.87,0.999105,0.000007,1.034000,0.006000,-4.06,0.67,0.007,3.45,-5.55,0.678,0.986,0.966,1,1,1.0,0.0,0.0,0.0,A,T
19,11113407,11113407,0.745000,0.976000,4.87,0.986506,0.000007,2.843000,0.022000,-3.98,0.602,0.041,1.75,-3.07,0.232,0.008,0.037,0,1,1.0,0.0,0.0,0.0,A,G
19,11113408,11113408,-0.230000,0.964000,0.754,0.989822,0.000007,-0.037000,0.000000,-3.99,0.885,0.156,1.475,-3.25,0.345,0.043,0.163,0,1,0.0,0.7084,0.0,0.2916,T,G
19,11113410,11113410,0.667000,0.961000,2.46,0.999993,0.018536,0.585000,0.000000,-4.15,0.78,0.003,2.97,-5.62,0.59,0.884,0.936,1,1,0.2949,0.0,0.4032,0.3019,G,T
19,11113413,11113413,0.656000,0.981000,4.87,1,0.027014,7.920000,1.000000,-4.29,0.961,0.0,3.79,-6.13,0.858,0.999,0.99,1,1,0.0,0.0,0.0,1.0,T,A
19,11113413,11113413,0.656000,0.981000,4.87,1,0.027014,7.920000,1.000000,-4.28,0.957,0.001,3.79,-4.16,0.757,0.931,0.923,1,1,0.0,0.0,0.0,1.0,T,C
19,11113413,11113413,0.656000,0.981000,4.87,1,0.027014,7.920000,1.000000,-4.29,0.878,0.0,3.79,-5.14,0.827,0.989,0.972,1,1,0.0,0.0,0.0,1.0,T,G
19,11113414,11113414,0.591000,0.985000,1.5,0.999996,0.027014,0.301000,0.983000,-4.05,0.938,0.041,2.64,-1.8,0.313,0.842,0.939,1,1,0.0,0.7678,0.0,0.2322,C,G
19,11113415,11113415,0.656000,0.987000,4.87,1,0.000062,7.920000,1.000000,-5.72,0.96,0.0,4.055,-7.83,0.904,1.0,0.999,1,1,0.0,0.0,0.0,1.0,T,A
19,11113416,11113416,0.745000,0.988000,4.87,0.999998,0.000062,4.045000,1.000000,-5.72,0.965,0.0,4.055,-7.51,0.738,1.0,0.999,1,1,1.0,0.0,0.0,0.0,A,G
19,11113418,11113418,0.656000,0.990000,4.87,1,0.000031,7.920000,1.000000,-6.75,0.977,0.0,4.17,-13.73,0.958,1.0,1.0,1,1,0.0,0.0,0.0,1.0,T,C
19,11113419,11113419,0.667000,0.991000,4.87,1,0.000031,9.879000,1.000000,-6.75,0.975,0.0,4.17,-13.73,0.858,1.0,1.0,1,1,0.0,0.0,1.0,0.0,G,C
19,11113420,11113420,0.667000,0.991000,4.87,1,0.000031,9.879000,1.000000,-6.75,0.979,0.0,4.17,-12.75,0.876,1.0,1.0,1,1,0.0,0.0,1.0,0.0,G,C
19,11113420,11113420,0.667000,0.991000,4.87,1,0.000031,9.879000,1.000000,-6.75,0.979,0.0,4.17,-12.75,0.876,1.0,1.0,1,1,0.0,0.0,1.0,0.0,G,T
19,11113421,11113421,0.656000,0.990000,4.87,1,0.000020,2.904000,1.000000,-4.14,0.905,0.077,3.65,-3.41,0.906,0.985,0.988,1,1,0.0,0.0,0.0,1.0,T,C
19,11113422,11113422,0.591000,0.987000,4.87,1,0.000020,2.740000,0.985000,-4.13,0.775,0.012,3.65,-3.86,0.801,1.0,1.0,1,1,0.0,1.0,0.0,0.0,C,T
19,11113424,11113424,0.667000,0.987000,4.87,1,0.000011,9.879000,1.000000,-6.23,0.862,0.0,4.17,-8.83,0.971,1.0,0.999,0,1,0.0,0.0,1.0,0.0,G,T
19,11113426,11113426,0.591000,0.991000,2.72,0.999997,0.000011,0.229000,0.009000,-6.09,0.937,0.0,3.275,-3.92,0.862,0.84,0.909,0,1,0.0,0.829,0.0,0.171,C,G
19,11113427,11113427,0.591000,0.992000,-0.144,0.999711,0.000368,-0.447000,0.001000,-4.03,0.535,0.002,2.315,-1.57,0.276,0.953,0.969,0,1,0.2539,0.4673,0.1241,0.1547,C,A
19,11113430,11113430,0.656000,0.987000,2.59,0.999234,0.013797,0.983000,0.001000,-4.2,0.767,0.012,3.63,-3.43,0.726,0.701,0.877,1,1,0.15,0.0,0.3099,0.54,T,C
19,11113431,11113431,0.591000,0.982000,4.87,0.999901,0.013797,1.017000,0.000000,-4.2,0.751,0.135,2.43,-1.57,0.311,0.009,0.126,0,1,0.0,1.0,0.0,0.0,C,T
19,11113434,11113434,0.745000,0.939000,4.87,0.999802,0.000038,4.740000,0.898000,-4.03,0.665,0.045,3.295,-4.19,0.721,0.592,0.941,1,1,1.0,0.0,0.0,0.0,A,C
19,11113434,11113434,0.745000,0.939000,4.87,0.996287,0.000038,4.740000,0.898000,-4.05,0.563,0.173,1.85,-2.29,0.385,0.383,0.795,0,1,1.0,0.0,0.0,0.0,A,G
19,11113437,11113437,0.667000,0.810000,-0.277,0.999948,0.250361,1.187000,0.947000,-2.84,0.646,0.001,3.415,-6.13,0.507,0.864,0.882,0,1,0.513,0.0,0.487,0.0,G,T
19,11113442,11113442,0.745000,0.784000,4.87,0.999999,0.000017,7.459000,1.000000,-2.96,0.812,0.0,3.085,-0.95,0.318,0.154,0.835,0,1,1.0,0.0,0.0,0.0,A,G
19,11113442,11113442,0.745000,0.784000,4.87,1,0.000017,7.459000,1.000000,-3.34,0.819,0.0,4.185,-3.79,0.817,0.969,0.987,1,1,1.0,0.0,0.0,0.0,A,T
19,11113443,11113443,0.656000,0.785000,4.87,1,0.000017,7.920000,1.000000,-3.35,0.922,0.0,3.49,-4.74,0.854,0.96,0.996,1,1,0.0,0.0,0.0,1.0,T,C
19,11113444,11113444,-0.191000,0.780000,2.69,0.999992,0.000017,0.368000,0.991000,-3.34,0.848,0.0,3.84,-2.84,0.711,0.318,0.926,0,1,0.2863,0.5207,0.0,0.1931,C,G
19,11113446,11113446,-0.051000,0.782000,3.86,0.727677,0.001867,1.379000,1.000000,-3.9,0.68,0.436,-1.63,4.8,0.176,0.0,0.003,0,1,0.7664,0.0,0.085,0.1486,G,T
19,11113448,11113448,0.745000,0.789000,4.87,1,0.000001,9.211000,1.000000,-4.05,0.746,0.014,2.905,-3.29,0.641,0.752,0.772,0,1,1.0,0.0,0.0,0.0,A,G
19,11113537,11113537,0.591000,0.171000,4.55,0.99986,0.291479,7.525000,0.820000,-3.89,0.856,0.002,2.895,-2.75,0.632,0.475,0.738,1,1,0.0,1.0,0.0,0.0,C,A
19,11113537,11113537,0.591000,0.171000,4.55,0.999986,0.291479,7.525000,0.820000,-3.81,0.683,0.04,1.065,-0.58,0.144,0.0,0.022,0,1,0.0,1.0,0.0,0.0,C,G
19,11113542,11113542,-0.144000,0.095000,3.53,0.744658,0.048368,0.980000,0.490000,-3.9,0.653,0.048,1.4,-2.07,0.152,0.297,0.544,1,1,0.8243,0.1757,0.0,0.0,C,T
19,11113543,11113543,0.656000,0.086000,4.55,0.977194,0.048368,7.787000,0.988000,-3.91,0.908,0.0,2.785,-4.84,0.366,0.911,0.871,1,1,0.0,0.0,0.0,1.0,T,A
19,11113543,11113543,0.656000,0.086000,4.55,1,0.048368,7.787000,0.988000,-3.91,0.931,0.001,1.98,-4.94,0.508,0.682,0.883,1,1,0.0,0.0,0.0,1.0,T,C
19,11113545,11113545,0.667000,0.059000,2.36,0.99993,0.000941,1.907000,0.974000,-3.96,0.675,0.025,2.22,-5.16,0.256,0.032,0.292,0,1,0.0848,0.149,0.7662,0.0,G,C
19,11113546,11113546,0.745000,0.043000,4.55,0.999986,0.000941,5.094000,0.985000,-3.9,0.611,0.003,2.525,-5.55,0.596,0.181,0.819,0,1,1.0,0.0,0.0,0.0,A,G
19,11113557,11113557,-0.125000,0.000000,-3.01,1,0.590638,-0.661000,0.000000,-5.57,0.808,0.511,0.21,-0.02,0.043,0.0,0.006,0,1,0.5429,0.0,0.4571,0.0,G,A
19,11113557,11113557,-0.125000,0.000000,-3.01,1,0.590638,-0.661000,0.000000,-5.62,0.95,0.017,2.215,-3.16,0.418,0.415,0.826,1,1,0.5429,0.0,0.4571,0.0,G,T
19,11113569,11113569,-0.142000,0.002000,0.712,0.637733,0.002738,3.950000,0.999000,-3.95,0.516,0.045,1.495,-2.26,0.513,0.015,0.115,1,1,0.0,0.6277,0.0,0.3723,T,A
19,11113570,11113570,0.745000,0.002000,4.4,0.724216,0.002738,7.077000,1.000000,-3.97,0.559,0.005,2.39,-4.43,0.574,0.969,0.938,1,1,1.0,0.0,0.0,0.0,A,G
19,11113579,11113579,0.656000,0.060000,4.4,1,0.028124,4.023000,1.000000,-4.08,0.766,0.0,3.455,-5.34,0.855,0.997,0.987,1,1,0.0,0.0,0.0,1.0,T,A
19,11113579,11113579,0.656000,0.060000,4.4,0.999977,0.028124,4.023000,1.000000,-4.05,0.686,0.002,3.455,-3.15,0.48,0.876,0.92,0,1,0.0,0.0,0.0,1.0,T,C
19,11113582,11113582,0.656000,0.070000,4.72,0.999999,0.000017,7.747000,1.000000,-4.14,0.682,0.0,3.875,-5.94,0.921,0.982,0.984,0,1,0.0,0.0,0.0,1.0,T,A
19,11113587,11113587,-0.149000,0.043000,-0.0309,1,0.534051,0.908000,0.000000,-3.74,0.569,0.182,-1.155,-0.49,0.067,0.0,0.003,0,1,0.5447,0.0,0.4553,0.0,A,G
19,11113588,11113588,-0.137000,0.044000,-2.87,1,0.534051,0.580000,0.000000,-3.85,0.463,0.151,-1.07,0.17,0.054,0.0,0.001,1,1,0.4427,0.1283,0.429,0.0,G,A
19,11113590,11113590,0.667000,0.176000,2.55,1,0.068792,2.576000,0.105000,-4.0,0.641,0.574,1.455,-1.24,0.145,0.011,0.128,1,1,0.1782,0.1542,0.6676,0.0,G,A
19,11113590,11113590,0.667000,0.176000,2.55,1,0.068792,2.576000,0.105000,-4.3,0.881,0.01,3.26,-4.01,0.618,0.78,0.86,1,1,0.1782,0.1542,0.6676,0.0,G,T
19,11113594,11113594,0.656000,0.376000,4.72,0.999999,0.087215,5.866000,0.911000,-4.12,0.78,0.001,1.075,-4.13,0.44,0.021,0.386,0,1,0.0,0.0,0.0,1.0,T,G
19,11113598,11113598,0.667000,0.559000,-1.55,0.997073,0.009397,-0.058000,0.781000,-4.12,0.459,1.0,0.7,0.51,0.236,0.001,0.006,0,1,0.2253,0.1329,0.371,0.2708,G,T
19,11113602,11113602,0.591000,0.585000,4.72,1,0.000020,7.810000,1.000000,-6.17,0.927,0.106,2.48,-7.57,0.865,1.0,1.0,1,1,0.0,1.0,0.0,0.0,C,T
19,11113603,11113603,0.591000,0.588000,4.72,1,0.000020,7.810000,1.000000,-6.19,0.865,0.0,3.955,-8.52,0.936,1.0,1.0,0,1,0.0,1.0,0.0,0.0,C,G
19,11113603,11113603,0.591000,0.588000,4.72,1,0.000020,7.810000,1.000000,-6.07,0.851,0.0,3.405,-9.27,0.855,1.0,1.0,1,1,0.0,1.0,0.0,0.0,C,T
19,11113607,11113607,-0.881000,0.663000,-5.99,0.995589,0.000012,-3.239000,0.000000,-3.81,0.642,0.879,0.915,-0.6,0.112,0.002,0.087,0,1,0.0,0.1744,0.0,0.8256,C,G
19,11113608,11113608,0.667000,0.772000,4.72,1,0.000015,8.026000,1.000000,-4.52,0.932,0.0,4.06,-6.72,0.765,1.0,1.0,1,1,0.0,0.0,1.0,0.0,G,A
19,11113608,11113608,0.667000,0.772000,4.72,1,0.000015,8.026000,1.000000,-4.52,0.869,0.0,4.06,-6.96,0.842,1.0,1.0,1,1,0.0,0.0,1.0,0.0,G,T
19,11113609,11113609,0.667000,0.836000,4.72,1,0.000015,8.016000,1.000000,-4.51,0.868,0.001,4.06,-6.72,0.94,1.0,1.0,1,1,0.0,0.0,1.0,0.0,G,A
19,11113609,11113609,0.667000,0.836000,4.72,1,0.000015,8.016000,1.000000,-4.41,0.888,0.001,3.715,-7.42,0.922,1.0,1.0,1,1,0.0,0.0,1.0,0.0,G,T
19,11113612,11113612,0.656000,0.907000,4.72,0.999998,0.008867,7.920000,1.000000,-4.45,0.884,0.0,3.855,-5.28,0.865,0.923,0.963,1,1,0.0,0.0,0.0,1.0,T,A
19,11113612,11113612,0.656000,0.907000,4.72,1,0.008867,7.920000,1.000000,-4.45,0.952,0.0,3.51,-5.86,0.915,0.629,0.829,1,1,0.0,0.0,0.0,1.0,T,C
19,11113614,11113614,0.667000,0.915000,4.72,1,0.000023,8.026000,1.000000,-4.46,0.9,0.001,3.215,-3.79,0.706,0.99,0.991,1,1,0.0,0.0,1.0,0.0,G,A
19,11113614,11113614,0.667000,0.915000,4.72,1,0.000023,8.026000,1.000000,-4.78,0.881,0.001,4.11,-4.73,0.752,0.999,1.0,1,1,0.0,0.0,1.0,0.0,G,C
19,11113614,11113614,0.667000,0.915000,4.72,1,0.000023,8.026000,1.000000,-4.77,0.869,0.002,3.56,-2.84,0.564,0.921,0.986,1,1,0.0,0.0,1.0,0.0,G,T
19,11113615,11113615,0.591000,0.913000,4.72,1,0.000023,7.810000,1.000000,-4.48,0.946,0.02,3.415,-3.79,0.736,0.999,0.983,1,1,0.0,1.0,0.0,0.0,C,T
19,11113617,11113617,0.667000,0.922000,3.65,0.999999,0.002998,1.829000,0.984000,-4.63,0.942,0.03,3.415,-2.27,0.415,0.997,0.977,1,1,0.0,0.1573,0.8427,0.0,G,A
19,11113620,11113620,0.667000,0.944000,4.72,1,0.000010,8.032000,1.000000,-5.03,0.996,0.0,4.12,-6.62,0.939,1.0,1.0,1,1,0.0,0.0,1.0,0.0,G,C
19,11113620,11113620,0.667000,0.944000,4.72,1,0.000010,8.032000,1.000000,-5.01,0.979,0.0,4.12,-8.52,0.944,1.0,1.0,1,1,0.0,0.0,1.0,0.0,G,T
19,11113621,11113621,0.745000,0.949000,4.72,1,0.000010,7.386000,1.000000,-5.21,0.973,0.0,4.12,-6.62,0.926,1.0,1.0,1,1,1.0,0.0,0.0,0.0,A,G
19,11113623,11113623,0.656000,0.950000,4.72,1,0.000031,6.187000,1.000000,-4.05,0.964,0.001,4.075,-13.25,0.803,1.0,0.998,1,1,0.0,0.0,0.0,1.0,T,C
19,11113624,11113624,0.667000,0.945000,4.72,1,0.000031,9.879000,1.000000,-3.96,0.897,0.001,4.075,-12.3,0.851,0.991,0.989,1,1,0.0,0.0,1.0,0.0,G,T
19,11113625,11113625,0.667000,0.936000,4.72,1,0.000031,9.879000,1.000000,-4.06,0.904,0.0,4.075,-12.3,0.907,0.725,0.832,1,1,0.0,0.0,1.0,0.0,G,C
19,11113625,11113625,0.667000,0.936000,4.72,1,0.000031,9.879000,1.000000,-4.06,0.904,0.0,4.075,-12.3,0.907,0.725,0.832,1,1,0.0,0.0,1.0,0.0,G,T
19,11113626,11113626,-0.149000,0.919000,2.52,0.999971,0.000614,-0.148000,0.417000,-3.25,0.768,0.735,0.69,-0.13,0.108,0.0,0.004,0,1,0.8096,0.0,0.1904,0.0,A,G
19,11113630,11113630,0.745000,0.891000,4.72,1,0.000010,7.386000,1.000000,-2.75,0.89,0.008,2.11,-6.48,0.762,0.999,0.997,1,1,1.0,0.0,0.0,0.0,A,G
19,11113632,11113632,-0.149000,0.872000,-1.73,0.942608,0.023815,0.230000,0.047000,-2.33,0.71,0.323,-1.815,-0.39,0.255,0.0,0.001,0,1,0.3266,0.1264,0.5471,0.0,A,G
19,11113633,11113633,0.667000,0.876000,4.72,0.943676,0.023815,4.587000,0.973000,-2.7,0.839,0.262,-0.515,-0.31,0.187,0.024,0.071,0,1,0.0,0.0,1.0,0.0,G,A
19,11113636,11113636,0.745000,0.901000,4.72,0.999963,0.000006,7.386000,1.000000,-3.92,0.723,0.02,4.155,-3.8,0.521,0.979,0.962,1,1,1.0,0.0,0.0,0.0,A,G
19,11113639,11113639,0.656000,0.931000,4.72,0.999997,0.040267,6.187000,1.000000,-4.29,0.953,0.0,2.985,-6.33,0.876,0.629,0.757,1,1,0.0,0.0,0.0,1.0,T,A
19,11113639,11113639,0.656000,0.931000,4.72,0.999998,0.040267,6.187000,1.000000,-4.29,0.916,0.0,3.68,-5.39,0.785,0.966,0.939,1,1,0.0,0.0,0.0,1.0,T,G
19,11113644,11113644,0.656000,0.933000,4.72,1,0.000031,6.183000,1.000000,-6.75,0.969,0.0,4.395,-13.25,0.939,1.0,1.0,1,1,0.0,0.0,0.0,1.0,T,C
19,11113644,11113644,0.656000,0.933000,4.72,1,0.000031,6.183000,1.000000,-6.75,0.967,0.0,4.395,-12.3,0.774,1.0,1.0,1,1,0.0,0.0,0.0,1.0,T,G
19,11113645,11113645,0.667000,0.921000,4.72,1,0.000031,9.879000,1.000000,-6.75,0.903,0.0,4.395,-13.25,0.869,1.0,1.0,0,1,0.0,0.0,1.0,0.0,G,C
19,11113646,11113646,0.667000,0.898000,4.72,1,0.000031,8.032000,1.000000,-6.75,0.925,0.0,4.395,-12.3,0.875,1.0,1.0,1,1,0.0,0.0,1.0,0.0,G,C
19,11113646,11113646,0.667000,0.898000,4.72,1,0.000031,8.032000,1.000000,-6.75,0.925,0.0,4.395,-12.3,0.875,1.0,1.0,1,1,0.0,0.0,1.0,0.0,G,T
19,11113647,11113647,0.745000,0.859000,4.72,1,0.000014,6.100000,1.000000,-3.23,0.747,0.008,2.83,-4.4,0.678,0.53,0.767,0,1,1.0,0.0,0.0,0.0,A,G
19,11113651,11113651,0.745000,0.646000,4.72,1,0.000010,9.211000,1.000000,-6.22,0.987,0.002,4.38,-6.62,0.959,0.998,0.998,1,1,1.0,0.0,0.0,0.0,A,G
19,11113651,11113651,0.745000,0.646000,4.72,1,0.000010,9.211000,1.000000,-6.22,0.946,0.0,4.38,-8.5,0.964,0.998,0.999,0,1,1.0,0.0,0.0,0.0,A,T
19,11113654,11113654,0.591000,0.415000,4.72,0.999951,0.000031,6.374000,1.000000,-4.09,0.725,0.007,3.665,-3.93,0.718,0.994,0.964,0,1,0.0,1.0,0.0,0.0,C,G
19,11113659,11113659,-0.191000,0.068000,3.68,1,0.247174,-0.024000,0.000000,-4.21,0.588,0.348,2.28,-0.94,0.252,0.024,0.117,0,1,0.0,0.8163,0.0,0.1837,C,G
19,11113660,11113660,-0.142000,0.067000,-1.03,1,0.247174,0.130000,0.000000,-4.23,0.761,0.562,0.235,-0.78,0.286,0.002,0.031,0,1,0.0,0.435,0.0,0.565,T,G
19,11113662,11113662,0.667000,0.070000,4.72,0.732528,0.000353,2.635000,0.997000,-3.09,0.483,0.222,0.65,-1.24,0.162,0.08,0.36,0,1,0.0942,0.0,0.9058,0.0,G,A
19,11113663,11113663,0.667000,0.064000,4.72,0.999995,0.000353,3.268000,1.000000,-3.18,0.577,0.011,2.585,-3.88,0.667,0.992,0.963,1,1,0.0,0.0,1.0,0.0,G,T
19,11113665,11113665,-0.049000,0.031000,3.68,0.975835,0.005586,4.288000,0.997000,-3.22,0.566,0.001,2.21,-3.56,0.222,0.001,0.092,0,1,0.8439,0.0,0.0,0.156,A,G
19,11113666,11113666,0.591000,0.020000,3.67,0.994725,0.005586,1.694000,0.851000,-3.19,0.591,0.001,3.035,-3.97,0.624,0.774,0.928,0,1,0.0,0.6965,0.3035,0.0,C,A
19,11113668,11113668,0.667000,0.005000,3.61,0.988991,0.002049,2.621000,0.990000,-2.96,0.84,0.003,1.485,-1.62,0.384,0.102,0.282,0,1,0.3714,0.0,0.6286,0.0,G,C
19,11113668,11113668,0.667000,0.005000,3.61,0.998984,0.002049,2.621000,0.990000,-3.27,0.923,0.001,2.84,-3.58,0.716,0.098,0.359,0,1,0.3714,0.0,0.6286,0.0,G,T
19,11113671,11113671,0.656000,0.005000,3.67,0.999884,0.000760,6.075000,1.000000,-3.3,0.679,0.014,2.585,-2.88,0.546,0.376,0.855,0,1,0.0,0.0,0.1636,0.8364,T,A
19,11113671,11113671,0.656000,0.005000,3.67,0.999981,0.000760,6.075000,1.000000,-3.34,0.885,0.002,2.93,-4.86,0.904,0.036,0.242,1,1,0.0,0.0,0.1636,0.8364,T,C
19,11113672,11113672,0.591000,0.003000,4.72,0.999999,0.000760,7.810000,1.000000,-3.34,0.754,0.001,3.625,-4.87,0.727,0.998,0.992,0,1,0.0,1.0,0.0,0.0,C,G
19,11113675,11113675,0.656000,0.006000,4.72,0.999999,0.000085,7.920000,1.000000,-3.69,0.84,0.001,2.875,-3.92,0.743,0.773,0.953,0,1,0.0,0.0,0.0,1.0,T,C
19,11113677,11113677,0.667000,0.012000,4.72,1,0.000022,9.879000,1.000000,-2.79,0.741,0.035,3.09,-3.6,0.655,0.954,0.968,1,1,0.0,0.0,1.0,0.0,G,A
19,11113678,11113678,0.591000,0.015000,4.72,1,0.000022,4.017000,0.999000,-2.83,0.917,0.0,3.985,-4.64,0.872,0.991,0.994,1,1,0.0,1.0,0.0,0.0,C,A
19,11113678,11113678,0.591000,0.015000,4.72,0.999999,0.000022,4.017000,0.999000,-2.82,0.774,0.002,3.29,-3.77,0.603,0.691,0.943,0,1,0.0,1.0,0.0,0.0,C,G
19,11113678,11113678,0.591000,0.015000,4.72,0.999999,0.000022,4.017000,0.999000,-2.68,0.888,0.017,1.87,-3.6,0.405,0.835,0.552,1,1,0.0,1.0,0.0,0.0,C,T
19,11113680,11113680,0.667000,0.032000,2.17,0.880538,0.014709,3.085000,0.207000,-3.41,0.859,0.02,2.235,-3.73,0.655,0.969,0.98,1,1,0.3828,0.0,0.6172,0.0,G,T
19,11113683,11113683,0.745000,0.054000,4.72,0.97561,0.000013,1.063000,0.004000,-3.97,0.687,0.144,1.1,-1.88,0.194,0.003,0.155,0,1,1.0,0.0,0.0,0.0,A,T
19,11113690,11113690,0.667000,0.067000,4.72,1,0.000015,9.879000,1.000000,-5.6,0.947,0.015,3.665,-5.71,0.832,0.942,0.904,0,1,0.0,0.0,1.0,0.0,G,C
19,11113692,11113692,-0.122000,0.084000,-7.33,1,0.214988,-0.553000,0.000000,-3.24,0.429,0.385,-0.04,-0.84,0.112,0.0,0.003,0,1,0.3525,0.092,0.1599,0.3955,G,C
19,11113696,11113696,-0.074000,0.256000,1.25,0.992395,0.003860,1.505000,0.985000,-3.96,0.817,0.009,1.715,-5.1,0.657,0.604,0.906,1,1,0.7263,0.0,0.2737,0.0,A,C
19,11113698,11113698,0.745000,0.359000,4.72,0.999999,0.000004,3.815000,1.000000,-4.48,0.702,0.016,3.96,-6.99,0.915,1.0,0.999,0,1,1.0,0.0,0.0,0.0,A,T
19,11113699,11113699,0.667000,0.378000,4.72,1,0.000004,9.875000,1.000000,-4.44,0.765,0.016,3.27,-2.76,0.785,0.797,0.923,0,1,0.0,0.0,1.0,0.0,G,A
19,11113701,11113701,0.745000,0.387000,4.72,0.988647,0.000392,7.182000,1.000000,-3.24,0.884,0.011,2.53,-3.33,0.702,0.872,0.931,1,1,1.0,0.0,0.0,0.0,A,G
19,11113705,11113705,0.591000,0.250000,4.72,1,0.000013,4.074000,0.999000,-4.02,0.839,0.09,2.665,-3.33,0.459,0.928,0.845,1,1,0.0,0.9069,0.0,0.0931,C,T
19,11113708,11113708,0.656000,0.062000,4.72,1,0.000160,7.837000,0.997000,-4.46,0.917,0.0,4.295,-5.8,0.96,0.999,0.995,1,1,0.0,0.0,0.0,1.0,T,C
19,11113709,11113709,-1.400000,0.019000,-9.44,0.989169,0.000160,-1.940000,0.000000,-4.46,0.916,0.001,3.95,-3.89,0.763,1.0,0.996,0,1,0.2472,0.1682,0.371,0.2136,A,T
19,11113716,11113716,0.667000,0.009000,-0.493,0.999977,0.104861,0.124000,0.022000,-3.24,0.559,0.388,1.545,-1.33,0.172,0.003,0.04,0,1,0.1497,0.3108,0.5395,0.0,G,A
19,11113725,11113725,0.656000,0.182000,3.66,0.999851,0.001218,0.901000,0.007000,-3.79,0.62,0.176,0.6,-1.23,0.173,0.0,0.04,0,1,0.0,0.0,0.4336,0.5664,T,G
19,11113728,11113728,0.745000,0.267000,3.66,0.883986,0.008048,3.356000,0.996000,-3.88,0.839,1.0,0.875,-0.17,0.332,0.229,0.576,1,1,0.8332,0.1667,0.0,0.0,A,G
19,11113730,11113730,0.667000,0.297000,-2.44,0.960053,0.008048,1.190000,1.000000,-3.75,0.561,0.004,1.165,-2.84,0.454,0.497,0.734,0,1,0.5703,0.0,0.4297,0.0,G,C
19,11113731,11113731,0.591000,0.298000,3.66,1,0.000755,7.810000,1.000000,-6.18,0.904,0.001,4.415,-7.61,0.879,1.0,1.0,1,1,0.1636,0.8364,0.0,0.0,C,A
19,11113731,11113731,0.591000,0.298000,3.66,1,0.000755,7.810000,1.000000,-6.17,0.873,0.001,4.415,-7.64,0.853,1.0,1.0,1,1,0.1636,0.8364,0.0,0.0,C,T
19,11113734,11113734,-0.093000,0.280000,-2.63,0.982454,0.000042,0.819000,0.163000,-4.1,0.916,0.015,3.795,-5.34,0.836,1.0,1.0,1,1,0.29,0.71,0.0,0.0,A,G
19,11113735,11113735,0.667000,0.288000,4.72,0.999999,0.000042,5.588000,0.981000,-4.02,0.836,0.066,3.145,-4.3,0.852,1.0,1.0,0,1,0.0,0.0,1.0,0.0,G,C
19,11113735,11113735,0.667000,0.288000,4.72,1,0.000042,5.588000,0.981000,-4.11,0.904,0.002,3.995,-4.69,0.717,1.0,1.0,0,1,0.0,0.0,1.0,0.0,G,T
19,11113736,11113736,0.667000,0.288000,1.34,0.999983,0.000042,-0.416000,0.308000,-4.08,0.802,0.023,3.54,-4.29,0.862,1.0,1.0,0,1,0.2721,0.0,0.5551,0.1728,G,T
19,11113737,11113737,0.667000,0.280000,4.72,0.999998,0.007773,5.588000,1.000000,-4.26,0.943,0.003,4.05,-2.83,0.548,0.882,0.949,0,1,0.0,0.0,1.0,0.0,G,A
19,11113737,11113737,0.667000,0.280000,4.72,0.999997,0.007773,5.588000,1.000000,-4.17,0.804,0.425,1.66,-1.4,0.177,0.021,0.601,1,1,0.0,0.0,1.0,0.0,G,T
19,11113738,11113738,0.591000,0.262000,3.66,0.999978,0.007773,2.544000,1.000000,-4.16,0.936,0.003,4.05,-3.56,0.603,0.976,0.938,1,1,0.3361,0.6639,0.0,0.0,C,T
19,11113740,11113740,0.745000,0.221000,4.72,1,0.000018,7.407000,1.000000,-4.24,0.838,0.075,2.205,-1.96,0.727,0.4,0.94,0,1,1.0,0.0,0.0,0.0,A,C
19,11113740,11113740,0.745000,0.221000,4.72,1,0.000018,7.407000,1.000000,-4.7,0.784,0.017,2.82,-0.98,0.62,0.266,0.851,0,1,1.0,0.0,0.0,0.0,A,G
19,11113741,11113741,0.656000,0.197000,4.72,1,0.000018,7.920000,1.000000,-4.86,0.818,0.0,4.295,-5.87,0.957,0.988,0.993,0,1,0.0,0.0,0.0,1.0,T,G
19,11113743,11113743,0.667000,0.166000,4.72,0.999834,0.000085,8.018000,1.000000,-4.12,0.934,0.001,3.52,-1.94,0.677,0.997,0.968,1,1,0.0,0.0,1.0,0.0,G,A
19,11113743,11113743,0.667000,0.166000,4.72,0.999806,0.000085,8.018000,1.000000,-4.11,0.888,0.003,3.175,-1.94,0.633,0.213,0.437,1,1,0.0,0.0,1.0,0.0,G,C
19,11113743,11113743,0.667000,0.166000,4.72,0.999806,0.000085,8.018000,1.000000,-4.11,0.888,0.003,3.175,-1.94,0.633,0.213,0.437,1,1,0.0,0.0,1.0,0.0,G,T
19,11113747,11113747,0.656000,0.177000,4.72,1,0.000085,7.920000,1.000000,-4.63,0.958,0.0,4.095,-6.78,0.687,0.994,0.996,1,1,0.0,0.0,0.0,1.0,T,G
19,11113749,11113749,0.667000,0.156000,4.72,1,0.000013,9.879000,1.000000,-5.03,0.907,0.001,1.985,-6.86,0.949,1.0,0.998,0,1,0.0,0.0,1.0,0.0,G,C
19,11113750,11113750,0.745000,0.128000,4.72,1,0.000013,9.211000,1.000000,-5.2,0.89,0.001,2.865,-7.84,0.945,0.988,0.98,0,1,1.0,0.0,0.0,0.0,A,C
19,11113750,11113750,0.745000,0.128000,4.72,1,0.000013,9.211000,1.000000,-5.21,0.876,0.002,3.8,-6.86,0.938,0.875,0.969,0,1,1.0,0.0,0.0,0.0,A,G
19,11113752,11113752,0.591000,0.071000,4.72,1,0.000020,7.810000,1.000000,-3.74,0.952,0.0,4.025,-7.84,0.895,1.0,1.0,1,1,0.0,1.0,0.0,0.0,C,A
19,11113752,11113752,0.591000,0.071000,4.72,1,0.000020,7.810000,1.000000,-3.7,0.954,0.0,3.17,-7.84,0.92,1.0,1.0,1,1,0.0,1.0,0.0,0.0,C,T
19,11113753,11113753,0.591000,0.060000,4.72,1,0.000020,7.810000,1.000000,-3.75,0.926,0.0,4.37,-8.82,0.899,1.0,1.0,1,1,0.0,1.0,0.0,0.0,C,A
19,11113753,11113753,0.591000,0.060000,4.72,1,0.000020,7.810000,1.000000,-3.73,0.918,0.0,4.025,-8.82,0.941,1.0,1.0,1,1,0.0,1.0,0.0,0.0,C,G
19,11113753,11113753,0.591000,0.060000,4.72,1,0.000020,7.810000,1.000000,-3.73,0.92,0.0,4.025,-9.8,0.951,1.0,1.0,1,1,0.0,1.0,0.0,0.0,C,T
19,11113759,11113759,0.745000,0.060000,4.72,0.986731,0.001615,1.375000,0.000000,-2.73,0.445,0.329,0.39,-2.43,0.27,0.0,0.003,0,1,0.9069,0.0,0.0931,0.0,A,G
19,11113761,11113761,0.667000,0.057000,4.72,0.999955,0.000016,5.837000,1.000000,-3.43,0.777,0.008,2.55,-4.89,0.606,0.296,0.801,0,1,0.0,0.0,1.0,0.0,G,A
19,11113761,11113761,0.667000,0.057000,4.72,0.99999,0.000016,5.837000,1.000000,-3.5,0.808,0.0,4.31,-7.77,0.683,1.0,1.0,0,1,0.0,0.0,1.0,0.0,G,T
19,11116095,11116095,0.650000,0.929000,4.92,1,0.000015,7.917000,1.000000,-3.9,0.569,0.007,1.72,-6.5,0.754,1.0,0.998,1,1,0.0,0.0734,0.0,0.9266,T,G
19,11116097,11116097,0.585000,0.972000,1.43,0.999899,0.000015,0.712000,0.999000,-3.75,0.557,0.006,1.235,-5.47,0.686,0.984,0.957,0,1,0.0,0.6474,0.0,0.3526,C,A
19,11116098,11116098,0.738000,0.982000,5.93,0.999963,0.000002,4.337000,1.000000,-3.86,0.786,0.207,1.935,-2.63,0.345,0.195,0.551,0,1,1.0,0.0,0.0,0.0,A,G
19,11116099,11116099,0.650000,0.988000,5.93,1,0.000002,7.917000,1.000000,-4.07,0.923,0.0,3.91,-5.1,0.905,1.0,0.998,1,1,0.0,0.0,0.0,1.0,T,A
19,11116102,11116102,0.738000,0.993000,4.91,0.99993,0.000092,5.942000,1.000000,-5.72,0.844,0.0,4.06,-8.04,0.935,1.0,0.999,0,1,0.8597,0.1403,0.0,0.0,A,G
19,11116104,11116104,0.650000,0.991000,5.93,1,0.000047,7.917000,1.000000,-6.75,0.98,0.0,4.41,-13.09,0.94,1.0,1.0,1,1,0.0,0.0,0.0,1.0,T,A
19,11116104,11116104,0.650000,0.991000,5.93,1,0.000047,7.917000,1.000000,-6.75,0.98,0.0,4.41,-13.09,0.94,1.0,1.0,1,1,0.0,0.0,0.0,1.0,T,C
19,11116104,11116104,0.650000,0.991000,5.93,1,0.000047,7.917000,1.000000,-6.75,0.948,0.0,4.41,-12.12,0.889,1.0,1.0,0,1,0.0,0.0,0.0,1.0,T,G
19,11116106,11116106,0.660000,0.984000,5.93,1,0.000047,9.874000,1.000000,-6.75,0.929,0.0,4.41,-12.08,0.891,1.0,1.0,1,1,0.0,0.0,1.0,0.0,G,T
19,11116110,11116110,0.660000,0.939000,4.89,1,0.000604,8.034000,1.000000,-6.22,0.93,0.001,4.375,-6.51,0.902,0.999,0.997,0,1,0.073,0.0,0.927,0.0,G,C
19,11116110,11116110,0.660000,0.939000,4.89,1,0.000604,8.034000,1.000000,-6.23,0.954,0.0,4.375,-8.41,0.931,1.0,0.999,1,1,0.073,0.0,0.927,0.0,G,T
19,11116113,11116113,0.650000,0.919000,5.93,1,0.000047,7.917000,1.000000,-3.24,0.697,0.002,3.82,-11.88,0.909,1.0,1.0,1,1,0.0,0.0,0.0,1.0,T,G
19,11116116,11116116,0.660000,0.805000,4.9,1,0.000033,9.874000,1.000000,-3.63,0.76,0.0,3.545,-7.46,0.84,1.0,1.0,0,1,0.0731,0.0,0.9269,0.0,G,C
19,11116119,11116119,0.738000,0.509000,2.71,1,0.113567,1.030000,0.000000,-3.93,0.424,0.709,0.55,-1.68,0.139,0.0,0.002,0,1,0.6513,0.1336,0.215,0.0,A,G
19,11116119,11116119,0.738000,0.509000,2.71,1,0.113567,1.030000,0.000000,-3.9,0.803,0.677,0.385,-0.89,0.274,0.0,0.008,0,1,0.6513,0.1336,0.215,0.0,A,T
19,11116120,11116120,-0.209000,0.466000,0.023,1,0.113567,0.222000,0.000000,-3.96,0.496,0.401,1.83,-2.61,0.108,0.0,0.007,0,1,0.1329,0.3875,0.1291,0.3505,C,T
19,11116122,11116122,-0.209000,0.447000,3.8,0.999667,0.000032,1.239000,0.012000,-3.85,0.499,0.067,0.66,-4.5,0.078,0.001,0.048,0,1,0.1374,0.7188,0.0,0.1437,C,T
19,11116125,11116125,0.660000,0.526000,4.88,1,0.000035,7.969000,1.000000,-4.55,0.892,0.002,3.555,-3.75,0.759,1.0,1.0,1,1,0.0,0.135,0.865,0.0,G,A
19,11116125,11116125,0.660000,0.526000,4.88,1,0.000035,7.969000,1.000000,-4.55,0.905,0.004,2.4,-2.82,0.652,0.999,1.0,1,1,0.0,0.135,0.865,0.0,G,T
19,11116129,11116129,0.738000,0.676000,3.85,0.998641,0.005133,5.174000,1.000000,-3.55,0.631,0.047,1.55,-2.52,0.123,0.371,0.819,0,1,0.7914,0.1373,0.0714,0.0,A,G
19,11116132,11116132,0.650000,0.698000,5.93,1,0.000027,7.904000,1.000000,-3.35,0.732,0.0,4.445,-5.6,0.972,0.896,0.972,1,1,0.0,0.0,0.0,1.0,T,G
19,11116138,11116138,0.738000,0.713000,3.85,0.999862,0.000014,7.301000,1.000000,-3.91,0.66,0.001,2.075,-5.61,0.668,0.966,0.994,0,1,0.7999,0.0,0.0708,0.1293,A,C
19,11116140,11116140,0.660000,0.720000,5.93,0.986656,0.000025,1.624000,1.000000,-2.75,0.831,0.001,1.845,-3.37,0.857,0.598,0.922,1,1,0.0767,0.0,0.9233,0.0,G,A
19,11116140,11116140,0.660000,0.720000,5.93,0.986656,0.000025,1.624000,1.000000,-2.75,0.831,0.001,1.845,-3.37,0.857,0.598,0.922,1,1,0.0767,0.0,0.9233,0.0,G,C
19,11116140,11116140,0.660000,0.720000,5.93,0.991793,0.000025,1.624000,1.000000,-2.66,0.902,0.0,1.845,-4.44,0.749,0.972,0.97,1,1,0.0767,0.0,0.9233,0.0,G,T
19,11116141,11116141,0.660000,0.721000,1.03,0.980405,0.000025,3.947000,1.000000,-2.77,0.843,0.002,1.5,-3.21,0.881,0.598,0.853,1,1,0.0,0.3533,0.5247,0.122,G,A
19,11116143,11116143,0.660000,0.719000,4.88,1,0.000023,9.857000,1.000000,-2.79,0.955,0.007,2.52,-7.41,0.846,0.957,0.986,1,1,0.0,0.135,0.865,0.0,G,C
19,11116144,11116144,0.660000,0.716000,4.9,1,0.000023,9.857000,1.000000,-2.2,0.849,0.001,2.4,-6.55,0.869,0.96,1.0,1,1,0.0734,0.0,0.9266,0.0,G,A
19,11116144,11116144,0.660000,0.716000,4.9,1,0.000023,9.857000,1.000000,-2.83,0.927,0.001,3.87,-8.35,0.85,1.0,1.0,1,1,0.0734,0.0,0.9266,0.0,G,T
19,11116147,11116147,0.650000,0.656000,5.93,1,0.000520,7.850000,1.000000,-3.52,0.818,0.0,3.185,-5.66,0.928,1.0,1.0,1,1,0.0,0.0,0.0,1.0,T,C
19,11116150,11116150,0.738000,0.344000,5.79,0.999994,0.000021,9.126000,1.000000,-3.41,0.758,0.002,1.94,-4.7,0.707,0.838,0.785,1,1,1.0,0.0,0.0,0.0,A,G
19,11116151,11116151,-6.011000,0.054000,-11.2,0.820021,0.000021,-3.192000,0.000000,-3.44,0.806,0.001,3.41,-5.63,0.882,0.985,0.974,1,1,0.0,0.1755,0.0,0.8245,T,A
19,11116151,11116151,-6.011000,0.054000,-11.2,0.803362,0.000021,-3.192000,0.000000,-3.44,0.806,0.001,3.41,-5.63,0.882,0.985,0.974,1,1,0.0,0.1755,0.0,0.8245,T,G
19,11116152,11116152,0.660000,0.090000,5.79,1,0.000047,9.788000,1.000000,-5.61,0.982,0.0,4.105,-7.54,0.936,1.0,1.0,1,1,0.0,0.0,1.0,0.0,G,C
19,11116153,11116153,0.660000,0.110000,4.76,1,0.000047,9.788000,1.000000,-5.52,0.997,0.0,3.76,-6.6,0.939,0.997,0.998,1,1,0.0746,0.0,0.9254,0.0,G,A
19,11116153,11116153,0.660000,0.110000,4.76,1,0.000047,9.788000,1.000000,-5.61,0.993,0.0,4.45,-8.47,0.974,1.0,1.0,1,1,0.0746,0.0,0.9254,0.0,G,T
19,11116156,11116156,0.650000,0.252000,4.76,0.999999,0.000178,1.584000,0.932000,-2.45,0.578,0.065,0.565,-4.88,0.322,0.047,0.197,0,1,0.1361,0.0,0.0,0.8639,T,G
19,11116161,11116161,-0.177000,0.333000,-11.6,1,0.090450,0.116000,0.230000,-3.78,0.513,0.198,0.065,-0.13,0.038,0.0,0.0,0,1,0.667,0.169,0.0801,0.0838,A,G
19,11116165,11116165,0.738000,0.633000,2.44,1,0.101998,0.368000,0.000000,-3.24,0.836,0.041,1.7,-4.05,0.552,0.988,0.936,1,1,0.5714,0.0,0.0818,0.3468,A,G
19,11116168,11116168,0.585000,0.794000,4.76,0.698862,0.014368,2.732000,0.038000,-3.9,0.599,0.007,1.24,-3.36,0.574,0.994,0.99,0,1,0.0,0.925,0.0,0.075,C,G
19,11116168,11116168,0.585000,0.794000,4.76,0.999865,0.014368,2.732000,0.038000,-3.85,0.575,0.167,-0.3,-1.67,0.437,0.157,0.187,1,1,0.0,0.925,0.0,0.075,C,T
19,11116170,11116170,0.585000,0.840000,4.75,0.999862,0.000760,0.917000,0.284000,-4.46,0.721,0.002,3.57,-1.85,0.542,1.0,1.0,0,1,0.0,0.7604,0.0,0.2396,C,A
19,11116171,11116171,0.650000,0.850000,5.79,1,0.000760,7.863000,1.000000,-4.45,0.935,0.0,3.775,-6.48,0.967,1.0,1.0,1,1,0.0,0.0,0.0,1.0,T,C
19,11116176,11116176,0.738000,0.798000,5.79,0.999983,0.000034,4.982000,1.000000,-4.04,0.702,0.003,2.85,-4.11,0.489,0.97,0.992,0,1,1.0,0.0,0.0,0.0,A,C
19,11116177,11116177,0.585000,0.745000,3.65,0.999987,0.000034,4.835000,1.000000,-3.99,0.67,0.001,2.3,-4.18,0.57,0.993,0.993,0,1,0.1373,0.7906,0.0,0.0721,C,T
19,11116194,11116194,0.585000,0.807000,5.79,1,0.000047,7.806000,1.000000,-6.18,0.934,0.0,4.48,-7.51,0.857,1.0,1.0,0,1,0.0,1.0,0.0,0.0,C,A
19,11116194,11116194,0.585000,0.807000,5.79,1,0.000047,7.806000,1.000000,-6.17,0.955,0.0,4.48,-7.51,0.844,1.0,1.0,1,1,0.0,1.0,0.0,0.0,C,T
19,11116197,11116197,0.738000,0.736000,5.79,1,0.000022,9.206000,1.000000,-3.9,0.931,0.003,3.9,-4.44,0.842,1.0,1.0,1,1,1.0,0.0,0.0,0.0,A,G
19,11116198,11116198,0.738000,0.672000,5.79,1,0.000022,9.206000,1.000000,-3.98,0.917,0.001,2.635,-5.24,0.785,1.0,1.0,1,1,1.0,0.0,0.0,0.0,A,C
19,11116198,11116198,0.738000,0.672000,5.79,1,0.000022,9.206000,1.000000,-4.04,0.929,0.039,2.15,-4.18,0.711,1.0,1.0,1,1,1.0,0.0,0.0,0.0,A,G
19,11116200,11116200,0.660000,0.547000,5.79,1,0.000042,9.874000,1.000000,-4.42,0.936,0.0,2.71,-5.61,0.793,1.0,1.0,1,1,0.0,0.0,1.0,0.0,G,A
19,11116200,11116200,0.660000,0.547000,5.79,1,0.000042,9.874000,1.000000,-4.52,0.961,0.0,4.355,-7.48,0.883,1.0,1.0,1,1,0.0,0.0,1.0,0.0,G,C
19,11116200,11116200,0.660000,0.547000,5.79,1,0.000042,9.874000,1.000000,-4.52,0.948,0.0,4.355,-8.42,0.866,1.0,1.0,1,1,0.0,0.0,1.0,0.0,G,T
19,11116201,11116201,0.660000,0.521000,5.68,1,0.000042,9.874000,1.000000,-4.27,0.953,0.0,3.55,-6.55,0.913,1.0,1.0,1,1,0.0,0.0,1.0,0.0,G,A
19,11116201,11116201,0.660000,0.521000,5.68,1,0.000042,9.874000,1.000000,-4.08,0.985,0.0,2.205,-5.61,0.754,1.0,1.0,1,1,0.0,0.0,1.0,0.0,G,C
19,11116201,11116201,0.660000,0.521000,5.68,1,0.000042,9.874000,1.000000,-4.41,0.971,0.0,4.355,-8.39,0.915,1.0,1.0,1,1,0.0,0.0,1.0,0.0,G,T
19,11116206,11116206,0.738000,0.429000,4.67,0.999995,0.000033,4.464000,1.000000,-3.21,0.855,0.106,0.77,-3.49,0.347,0.396,0.662,0,1,0.9238,0.0,0.0762,0.0,A,G
19,11116207,11116207,0.585000,0.379000,5.68,1,0.000033,7.806000,1.000000,-4.15,0.921,0.001,3.48,-4.28,0.858,0.999,0.998,0,1,0.0,1.0,0.0,0.0,C,A
19,11116209,11116209,0.585000,0.295000,3.56,0.999995,0.000723,3.999000,0.999000,-3.58,0.885,0.001,1.515,-2.68,0.561,0.972,0.976,1,1,0.0,0.7644,0.0,0.2356,C,G
19,11116210,11116210,0.650000,0.281000,5.68,1,0.000723,7.917000,1.000000,-4.38,0.889,0.0,3.93,-6.44,0.944,1.0,1.0,1,1,0.0,0.0,0.0,1.0,T,C
19,11116212,11116212,0.660000,0.260000,5.68,1,0.000021,9.874000,1.000000,-5.2,0.935,0.002,3.78,-4.76,0.94,0.822,0.967,1,1,0.0,0.0,1.0,0.0,G,A
19,11116859,11116859,0.733000,0.013000,5.61,1,0.000021,9.191000,1.000000,-5.21,0.926,0.002,4.475,-6.62,0.943,0.034,0.541,0,1,1.0,0.0,0.0,0.0,A,G
19,11116859,11116859,0.733000,0.013000,5.61,1,0.000021,9.191000,1.000000,-5.2,0.935,0.0,4.475,-8.53,0.971,0.867,0.959,1,1,1.0,0.0,0.0,0.0,A,T
19,11116860,11116860,-0.135000,0.007000,3.53,0.999984,0.000021,2.027000,0.982000,-5.2,0.919,0.001,4.125,-3.83,0.854,0.702,0.868,0,1,0.0,0.2519,0.0,0.7481,T,G
19,11116868,11116868,0.656000,0.049000,2.38,1,0.090756,2.936000,0.948000,-2.74,0.821,0.693,-0.5,0.24,0.059,0.0,0.0,1,1,0.3218,0.0,0.6782,0.0,G,A
19,11116869,11116869,-1.731000,0.051000,-9.51,0.999999,0.090756,-2.615000,0.000000,-2.82,0.761,0.203,1.265,-1.88,0.255,0.0,0.003,0,1,0.0979,0.6373,0.0997,0.1652,T,G
19,11116874,11116874,0.656000,0.380000,5.48,1,0.000017,8.005000,1.000000,-4.13,0.933,0.0,3.39,-4.77,0.845,1.0,1.0,1,1,0.0,0.0,1.0,0.0,G,A
19,11116874,11116874,0.656000,0.380000,5.48,1,0.000017,8.005000,1.000000,-4.15,0.828,0.0,3.935,-6.68,0.966,1.0,1.0,0,1,0.0,0.0,1.0,0.0,G,C
19,11116874,11116874,0.656000,0.380000,5.48,1,0.000017,8.005000,1.000000,-3.99,0.871,0.0,2.255,-6.74,0.904,1.0,1.0,1,1,0.0,0.0,1.0,0.0,G,T
19,11116880,11116880,0.733000,0.456000,5.48,1,0.000062,9.191000,1.000000,-5.72,0.89,0.0,4.045,-8.69,0.921,1.0,0.998,1,1,1.0,0.0,0.0,0.0,A,C
19,11116880,11116880,0.733000,0.456000,5.48,1,0.000062,9.191000,1.000000,-5.72,0.927,0.0,4.045,-8.68,0.879,1.0,0.999,1,1,1.0,0.0,0.0,0.0,A,G
19,11116882,11116882,0.645000,0.441000,5.48,1,0.000957,7.882000,1.000000,-6.75,0.965,0.0,4.055,-13.53,0.969,1.0,1.0,1,1,0.0,0.0,0.0,1.0,T,A
19,11116882,11116882,0.645000,0.441000,5.48,1,0.000957,7.882000,1.000000,-6.75,0.965,0.0,4.055,-13.53,0.969,1.0,1.0,1,1,0.0,0.0,0.0,1.0,T,C
19,11116882,11116882,0.645000,0.441000,5.48,1,0.000957,7.882000,1.000000,-6.75,0.951,0.0,4.055,-12.52,0.937,1.0,1.0,1,1,0.0,0.0,0.0,1.0,T,G
19,11116883,11116883,0.656000,0.418000,5.48,1,0.000957,9.828000,1.000000,-6.75,0.974,0.0,4.055,-13.51,0.951,1.0,1.0,1,1,0.0,0.0,1.0,0.0,G,C
19,11116884,11116884,0.656000,0.378000,5.48,1,0.000957,9.828000,1.000000,-6.75,0.942,0.0,3.71,-12.56,0.955,1.0,1.0,1,1,0.0,0.0,1.0,0.0,G,C
19,11116885,11116885,0.656000,0.308000,5.48,1,0.000084,5.496000,1.000000,-3.78,0.625,0.003,2.135,-0.77,0.334,0.063,0.65,0,1,0.0,0.0,1.0,0.0,G,A
19,11116885,11116885,0.656000,0.308000,5.48,1,0.000084,5.496000,1.000000,-3.94,0.695,0.001,3.285,-4.43,0.819,0.989,0.987,1,1,0.0,0.0,1.0,0.0,G,T
19,11116888,11116888,0.656000,0.123000,5.48,1,0.000010,8.002000,1.000000,-6.23,0.987,0.0,4.11,-8.71,0.982,1.0,1.0,1,1,0.0,0.0,1.0,0.0,G,T
19,11116889,11116889,0.733000,0.110000,5.48,1,0.000010,7.365000,1.000000,-6.22,0.987,0.0,4.11,-7.68,0.979,1.0,0.999,1,1,1.0,0.0,0.0,0.0,A,C
19,11116889,11116889,0.733000,0.110000,5.48,1,0.000010,7.365000,1.000000,-6.22,0.963,0.0,4.11,-6.76,0.977,1.0,0.997,1,1,1.0,0.0,0.0,0.0,A,G
19,11116890,11116890,-0.845000,0.085000,2.96,1,0.000010,2.072000,1.000000,-6.09,0.939,0.0,4.11,-3.86,0.907,0.972,0.966,1,1,0.0,0.7844,0.0,0.2156,C,G
19,11116891,11116891,0.645000,0.086000,5.48,1,0.000023,5.061000,1.000000,-4.09,0.757,0.002,2.675,-4.75,0.904,1.0,1.0,1,1,0.0,0.0,0.0,1.0,T,C
19,11116892,11116892,0.581000,0.082000,5.48,1,0.000023,7.794000,1.000000,-4.09,0.742,0.001,3.365,-4.68,0.723,1.0,1.0,0,1,0.0,1.0,0.0,0.0,C,G
19,11116892,11116892,0.581000,0.082000,5.48,1,0.000023,7.794000,1.000000,-4.08,0.759,0.0,2.675,-5.82,0.855,1.0,1.0,1,1,0.0,1.0,0.0,0.0,C,T
19,11116896,11116896,-0.085000,0.064000,-2.93,0.999996,0.000010,0.976000,1.000000,-3.95,0.588,0.0,3.81,-4.9,0.706,1.0,1.0,1,1,0.2781,0.0,0.7219,0.0,A,T
19,11116897,11116897,0.581000,0.067000,4.45,0.999996,0.000195,1.297000,1.000000,-3.95,0.786,0.001,2.51,-2.84,0.483,0.567,0.808,0,1,0.0,0.8385,0.0,0.1615,C,G
19,11116898,11116898,0.645000,0.066000,5.48,1,0.000195,4.961000,1.000000,-4.05,0.937,0.0,3.66,-6.7,0.916,1.0,0.997,1,1,0.1472,0.0,0.0,0.8528,T,C
19,11116900,11116900,0.581000,0.076000,5.48,1,0.000009,6.034000,1.000000,-2.65,0.669,0.003,0.99,-8.84,0.864,1.0,1.0,1,1,0.0,1.0,0.0,0.0,C,G
19,11116900,11116900,0.581000,0.076000,5.48,1,0.000009,6.034000,1.000000,-2.85,0.856,0.0,3.29,-5.91,0.765,1.0,1.0,1,1,0.0,1.0,0.0,0.0,C,T
19,11116901,11116901,0.733000,0.084000,5.48,1,0.000009,6.212000,1.000000,-2.78,0.587,0.001,2.09,-7.87,0.432,1.0,1.0,1,1,1.0,0.0,0.0,0.0,A,G
19,11116902,11116902,0.581000,0.087000,2.22,0.999986,0.000009,1.018000,0.999000,-2.82,0.816,0.001,2.74,-7.86,0.781,1.0,1.0,1,1,0.0,0.772,0.0,0.228,C,A
19,11116902,11116902,0.581000,0.087000,2.22,0.999987,0.000009,1.018000,0.999000,-2.82,0.816,0.001,2.74,-7.86,0.781,1.0,1.0,1,1,0.0,0.772,0.0,0.228,C,G
19,11116903,11116903,0.645000,0.085000,5.48,0.999998,0.000023,2.226000,0.999000,-4.19,0.847,0.153,2.675,-2.69,0.741,0.953,0.918,1,1,0.0,0.0,0.0,1.0,T,C
19,11116907,11116907,0.645000,0.086000,5.48,0.99999,0.001449,6.172000,1.000000,-3.51,0.96,0.0,3.17,-5.73,0.833,0.994,0.982,1,1,0.0,0.0,0.0,1.0,T,A
19,11116907,11116907,0.645000,0.086000,5.48,0.99997,0.001449,6.172000,1.000000,-3.49,0.979,0.001,3.17,-3.66,0.694,0.682,0.851,1,1,0.0,0.0,0.0,1.0,T,C
19,11116908,11116908,0.581000,0.083000,5.48,0.997996,0.001449,0.639000,0.999000,-3.48,0.886,0.003,2.82,-1.24,0.516,0.749,0.899,0,1,0.1581,0.689,0.1529,0.0,C,G
19,11116909,11116909,0.645000,0.074000,5.48,1,0.000025,6.166000,1.000000,-4.25,0.741,0.003,3.125,-4.44,0.847,0.998,0.996,1,1,0.0,0.0,0.0,1.0,T,C
19,11116914,11116914,-0.343000,0.011000,-0.145,0.999996,0.000094,0.278000,0.917000,-3.94,0.901,0.0,2.42,-4.76,0.818,0.999,0.992,1,1,0.0,0.5418,0.0,0.4582,C,G
19,11116917,11116917,-1.761000,0.000000,-11.0,0.836575,0.085710,-6.737000,0.000000,-2.94,0.604,0.002,1.855,-2.56,0.415,0.963,0.997,0,1,0.0,0.1129,0.2486,0.6386,C,G
19,11116918,11116918,-0.837000,0.000000,2.18,0.999863,0.000013,3.009000,0.987000,-3.39,0.797,0.001,2.665,-6.4,0.639,0.998,0.994,0,1,0.1438,0.1281,0.7281,0.0,G,C
19,11116918,11116918,-0.837000,0.000000,2.18,0.999721,0.000013,3.009000,0.987000,-3.4,0.759,0.001,3.01,-8.3,0.782,1.0,0.998,0,1,0.1438,0.1281,0.7281,0.0,G,T
19,11116921,11116921,0.651000,0.005000,4.44,0.999978,0.002817,2.237000,0.998000,-3.85,0.564,0.153,1.8,-0.04,0.13,0.033,0.131,0,1,0.0,0.1419,0.8581,0.0,G,A
19,11116927,11116927,0.651000,0.022000,5.48,1,0.000015,9.858000,1.000000,-5.61,0.952,0.001,4.11,-7.64,0.93,1.0,0.997,1,1,0.0,0.0,1.0,0.0,G,A
19,11116928,11116928,0.651000,0.030000,5.48,1,0.000015,8.005000,1.000000,-5.61,0.936,0.0,4.11,-8.62,0.945,1.0,0.998,1,1,0.0,0.0,1.0,0.0,G,T
19,11116930,11116930,0.651000,0.152000,2.18,0.999988,0.025289,0.356000,0.003000,-3.08,0.556,0.007,2.275,-4.39,0.546,0.985,0.957,0,1,0.2523,0.1452,0.6025,0.0,G,T
19,11116931,11116931,0.651000,0.222000,4.45,0.999992,0.025289,2.316000,0.051000,-2.97,0.536,0.397,0.53,-1.26,0.552,0.006,0.056,0,1,0.2486,0.0,0.7514,0.0,G,A
19,11116935,11116935,0.578000,0.372000,2.97,0.518634,0.060899,0.019000,0.001000,-3.85,0.586,0.037,2,-4.65,0.506,0.507,0.479,0,1,0.0,0.7784,0.0,0.2216,C,G
19,11116937,11116937,0.651000,0.400000,5.48,1,0.000027,7.973000,1.000000,-4.35,0.955,0.0,3.175,-6.9,0.897,1.0,0.997,1,1,0.0,0.0,1.0,0.0,G,T
19,11116939,11116939,0.728000,0.395000,5.48,0.99418,0.008278,5.603000,1.000000,-4.06,0.624,0.032,1.185,-2.53,0.343,0.026,0.13,0,1,1.0,0.0,0.0,0.0,A,C
19,11116939,11116939,0.728000,0.395000,5.48,0.996406,0.008278,5.603000,1.000000,-4.01,0.617,0.015,1.815,-2.9,0.495,0.518,0.772,0,1,1.0,0.0,0.0,0.0,A,G
19,11116943,11116943,0.578000,0.191000,2.18,0.993061,0.009001,0.124000,0.001000,-4.17,0.829,0.035,3.165,-3.38,0.624,0.524,0.866,0,1,0.0,0.7736,0.0,0.2264,C,A
19,11116945,11116945,-0.738000,0.036000,-7.71,1,0.706253,-0.715000,0.000000,-3.48,0.845,0.786,-0.11,-0.57,0.293,0.0,0.002,1,1,0.7297,0.0,0.2703,0.0,A,C
19,11116946,11116946,0.641000,0.043000,5.48,0.999999,0.706253,7.873000,0.979000,-4.12,0.938,0.001,2.765,-5.49,0.724,0.451,0.693,1,1,0.0,0.0,0.0,1.0,T,A
19,11116946,11116946,0.641000,0.043000,5.48,1,0.706253,7.873000,0.979000,-4.05,0.847,0.004,2.765,-3.25,0.651,0.001,0.028,0,1,0.0,0.0,0.0,1.0,T,C
19,11116949,11116949,0.641000,0.075000,5.48,0.720553,0.025323,6.071000,0.927000,-4.09,0.919,0.0,2.195,-5.23,0.73,0.988,0.981,1,1,0.0,0.0,0.0,1.0,T,C
19,11116949,11116949,0.641000,0.075000,5.48,0.617303,0.025323,6.071000,0.927000,-4.1,0.57,0.0,3.165,-5.48,0.672,1.0,0.999,1,1,0.0,0.0,0.0,1.0,T,G
19,11116953,11116953,0.651000,0.083000,2.22,1,0.017012,0.012000,0.057000,-3.78,0.723,0.202,0.61,-1.36,0.327,0.037,0.108,1,1,0.315,0.0,0.685,0.0,G,C
19,11116953,11116953,0.651000,0.083000,2.22,1,0.017012,0.012000,0.057000,-3.78,0.723,0.202,0.61,-1.36,0.327,0.037,0.108,0,1,0.315,0.0,0.685,0.0,G,T
19,11116954,11116954,0.651000,0.071000,4.45,0.999636,0.000800,2.738000,0.991000,-3.9,0.589,0.064,0.755,-1.23,0.235,0.011,0.096,0,1,0.1521,0.0,0.8479,0.0,G,A
19,11116954,11116954,0.651000,0.071000,4.45,0.995723,0.000800,2.738000,0.991000,-4.01,0.689,0.003,2.455,-4.84,0.734,0.978,0.962,1,1,0.1521,0.0,0.8479,0.0,G,T
19,11116955,11116955,0.728000,0.048000,5.48,0.998195,0.000800,4.126000,0.991000,-3.87,0.725,0.022,0.65,-2.85,0.563,0.72,0.827,0,1,1.0,0.0,0.0,0.0,A,G
19,11116955,11116955,0.728000,0.048000,5.48,0.947246,0.000800,4.126000,0.991000,-3.92,0.697,0.001,1.995,-4.89,0.665,0.941,0.957,1,1,1.0,0.0,0.0,0.0,A,T
19,11116961,11116961,0.728000,0.019000,4.43,1,0.775947,2.722000,0.017000,-2.78,0.397,0.029,0.09,-0.93,0.203,0.001,0.073,0,1,0.6286,0.3714,0.0,0.0,A,G
19,11116962,11116962,-0.157000,0.028000,-9.51,1,0.775947,-1.643000,0.000000,-2.78,0.466,0.183,-0.65,0.38,0.138,0.0,0.008,0,1,0.1346,0.5141,0.237,0.1144,G,C
19,11116967,11116967,0.641000,0.348000,5.48,1,0.000433,4.111000,0.999000,-4.73,0.953,0.0,2.87,-6.87,0.97,1.0,1.0,1,1,0.0,0.0,0.0,1.0,T,C
19,11116969,11116969,0.651000,0.437000,4.44,0.999603,0.000034,1.673000,0.069000,-3.96,0.81,0.034,1.465,-2.59,0.577,0.334,0.565,1,1,0.0,0.1407,0.8593,0.0,G,A
19,11116970,11116970,0.578000,0.455000,5.48,0.999988,0.000034,1.622000,0.056000,-3.83,0.505,0.003,1.545,-4.17,0.766,0.987,0.982,1,1,0.0,1.0,0.0,0.0,C,A
19,11116973,11116973,0.728000,0.636000,5.48,1,0.000015,7.290000,1.000000,-4.02,0.809,0.0,3.975,-9.85,0.884,0.994,0.998,0,1,1.0,0.0,0.0,0.0,A,C
19,11116973,11116973,0.728000,0.636000,5.48,1,0.000015,7.290000,1.000000,-3.96,0.84,0.0,3,-7.88,0.875,0.991,0.989,1,1,1.0,0.0,0.0,0.0,A,G
19,11116974,11116974,-0.207000,0.675000,3.37,1,0.000015,0.304000,0.989000,-4.0,0.841,0.0,2.69,-7.87,0.893,0.982,0.984,0,1,0.0,0.6768,0.0,0.3232,C,G
19,11116975,11116975,0.578000,0.762000,5.48,1,0.000030,7.747000,1.000000,-6.18,0.958,0.0,3.7,-7.9,0.85,1.0,1.0,1,1,0.0,1.0,0.0,0.0,C,A
19,11116975,11116975,0.578000,0.762000,5.48,1,0.000030,7.747000,1.000000,-6.17,0.968,0.0,3.355,-7.9,0.859,1.0,1.0,1,1,0.0,1.0,0.0,0.0,C,T
19,11116976,11116976,0.578000,0.820000,5.48,1,0.000030,6.630000,1.000000,-6.19,0.933,0.0,4.045,-8.89,0.879,1.0,1.0,1,1,0.0,1.0,0.0,0.0,C,A
19,11116976,11116976,0.578000,0.820000,5.48,1,0.000030,6.630000,1.000000,-6.19,0.956,0.0,4.045,-8.89,0.927,1.0,1.0,1,1,0.0,1.0,0.0,0.0,C,G
19,11116976,11116976,0.578000,0.820000,5.48,1,0.000030,6.630000,1.000000,-6.07,0.961,0.0,3.01,-9.87,0.898,1.0,1.0,1,1,0.0,1.0,0.0,0.0,C,T
19,11116978,11116978,0.641000,0.881000,5.48,0.999924,0.000015,1.261000,0.991000,-3.85,0.911,0.312,1.55,-3.25,0.347,0.014,0.14,1,1,0.0,0.0,0.0,1.0,T,C
19,11116981,11116981,0.641000,0.904000,5.48,0.999897,0.019241,1.867000,0.290000,-3.93,0.851,0.038,3.265,-3.24,0.803,0.093,0.343,1,1,0.0,0.0,0.2822,0.7178,T,C
19,11116982,11116982,0.578000,0.903000,5.48,0.99998,0.019241,0.991000,0.107000,-3.93,0.866,0.004,3.265,-4.23,0.826,0.999,0.995,1,1,0.0,0.8466,0.1534,0.0,C,A
19,11116982,11116982,0.578000,0.903000,5.48,0.999966,0.019241,0.991000,0.107000,-3.93,0.834,0.015,3.265,-3.24,0.529,0.998,0.988,1,1,0.0,0.8466,0.1534,0.0,C,G
19,11116986,11116986,0.651000,0.879000,5.38,0.999999,0.000436,0.267000,0.994000,-4.44,0.89,0.002,3.155,-3.57,0.631,0.968,0.96,1,1,0.0,0.2777,0.7223,0.0,G,C
19,11116986,11116986,0.651000,0.879000,5.38,0.999999,0.000436,0.267000,0.994000,-4.44,0.89,0.002,3.155,-3.57,0.631,0.968,0.96,1,1,0.0,0.2777,0.7223,0.0,G,T
19,11116987,11116987,0.651000,0.865000,5.48,0.99986,0.000910,1.838000,1.000000,-4.78,0.844,0.004,3.15,-3.39,0.789,0.997,0.985,0,1,0.1648,0.0,0.8352,0.0,G,C
19,11116988,11116988,0.578000,0.840000,5.48,0.999997,0.000910,5.524000,1.000000,-4.78,0.834,0.002,1.63,-3.97,0.532,0.997,0.979,0,1,0.0,1.0,0.0,0.0,C,A
19,11116993,11116993,0.641000,0.641000,5.48,0.999999,0.007300,7.442000,1.000000,-4.0,0.914,0.001,3.695,-5.85,0.781,0.997,0.989,1,1,0.0,0.0,0.0,1.0,T,A
19,11116997,11116997,0.728000,0.522000,5.48,1,0.000026,8.667000,1.000000,-2.97,0.783,0.0,3.94,-6.89,0.834,1.0,0.998,1,1,1.0,0.0,0.0,0.0,A,T
19,11116998,11116998,0.651000,0.496000,5.48,1,0.000026,7.487000,1.000000,-2.64,0.726,0.002,2.62,-2.96,0.682,0.994,0.983,1,1,0.0,0.0,1.0,0.0,G,C
19,11120093,11120093,0.735000,0.889000,5.37,1,0.001801,9.123000,1.000000,-2.18,0.689,0.001,2.77,-6.17,0.714,0.664,0.934,0,1,1.0,0.0,0.0,0.0,A,G
19,11120095,11120095,0.735000,0.953000,4.34,0.793775,0.113267,2.679000,1.000000,-4.22,0.822,0.022,2.125,-2.85,0.676,0.079,0.384,0,1,0.691,0.309,0.0,0.0,A,G
19,11120101,11120101,0.647000,0.984000,5.37,0.999993,0.055942,7.848000,1.000000,-4.21,0.966,0.003,3.35,-5.13,0.635,0.401,0.773,1,1,0.0,0.0,0.0,1.0,T,C
19,11120102,11120102,0.647000,0.986000,4.33,0.99995,0.055942,1.619000,0.991000,-4.22,0.961,0.0,3.35,-6.71,0.881,0.85,0.946,1,1,0.1508,0.0,0.0,0.8492,T,C
19,11120102,11120102,0.647000,0.986000,4.33,0.999967,0.055942,1.619000,0.991000,-4.22,0.974,0.0,3.35,-6.74,0.826,0.989,0.99,1,1,0.1508,0.0,0.0,0.8492,T,G
19,11120104,11120104,0.647000,0.986000,5.37,1,0.000062,7.848000,1.000000,-6.75,0.966,0.0,3.875,-13.29,0.956,1.0,0.999,1,1,0.0,0.0,0.0,1.0,T,C
19,11120105,11120105,0.658000,0.984000,5.37,1,0.000062,9.784000,1.000000,-6.75,0.897,0.0,3.875,-13.33,0.903,0.998,0.997,0,1,0.0,0.0,1.0,0.0,G,C
19,11120106,11120106,0.658000,0.979000,4.33,1,0.000062,9.784000,1.000000,-6.75,0.945,0.0,3.875,-12.36,0.902,1.0,0.999,1,1,0.079,0.0,0.921,0.0,G,C
19,11120108,11120108,0.583000,0.955000,4.34,1,0.000033,3.288000,0.995000,-4.35,0.826,0.001,3.84,-5.18,0.892,1.0,1.0,1,1,0.0,0.921,0.0,0.079,C,G
19,11120110,11120110,0.658000,0.933000,5.37,1,0.009101,9.784000,1.000000,-6.15,0.983,0.0,3.89,-4.76,0.91,0.998,0.995,1,1,0.0,0.0,1.0,0.0,G,A
19,11120111,11120111,0.735000,0.929000,5.37,1,0.009101,9.123000,1.000000,-6.22,0.976,0.0,3.89,-7.61,0.961,1.0,0.999,1,1,1.0,0.0,0.0,0.0,A,C
19,11120113,11120113,-0.066000,0.922000,-0.477,1,0.037450,0.108000,0.000000,-3.89,0.67,0.131,1.87,-2.01,0.486,0.542,0.685,0,1,0.4835,0.0,0.5165,0.0,A,T
19,11120120,11120120,0.740000,0.941000,5.37,0.792165,0.001278,4.880000,1.000000,-3.91,0.463,0.053,1.515,-4.05,0.19,0.011,0.039,0,1,1.0,0.0,0.0,0.0,A,G
19,11120125,11120125,0.662000,0.988000,5.37,1,0.012218,7.871000,1.000000,-4.55,0.934,0.001,2.05,-3.8,0.732,0.803,0.904,1,1,0.0,0.0,1.0,0.0,G,A
19,11120125,11120125,0.662000,0.988000,5.37,1,0.012218,7.871000,1.000000,-4.31,0.882,0.001,3.465,-4.75,0.868,0.962,0.997,0,1,0.0,0.0,1.0,0.0,G,C
19,11120126,11120126,0.587000,0.991000,5.37,1,0.012218,4.778000,1.000000,-4.57,0.847,0.0,2.915,-5.7,0.861,0.926,0.994,1,1,0.0,1.0,0.0,0.0,C,A
19,11120126,11120126,0.587000,0.991000,5.37,0.999999,0.012218,4.778000,1.000000,-4.56,0.827,0.002,2.145,-3.8,0.604,0.002,0.129,0,1,0.0,1.0,0.0,0.0,C,G
19,11120126,11120126,0.587000,0.991000,5.37,0.999999,0.012218,4.778000,1.000000,-4.56,0.933,0.001,2.66,-3.8,0.813,0.978,0.885,1,1,0.0,1.0,0.0,0.0,C,T
19,11120128,11120128,0.740000,0.993000,5.37,0.999737,0.001302,3.534000,1.000000,-3.04,0.639,0.003,3.135,-1.9,0.326,0.001,0.113,0,1,1.0,0.0,0.0,0.0,A,C
19,11120132,11120132,0.651000,0.993000,5.37,0.97546,0.006117,0.864000,0.955000,-3.91,0.474,0.001,2.695,-6.04,0.68,0.999,0.995,1,1,0.0,0.0,0.0,1.0,T,G
19,11120134,11120134,0.740000,0.991000,5.37,1,0.001553,4.358000,1.000000,-4.11,0.56,0.412,2.47,-2.08,0.278,0.632,0.693,0,1,1.0,0.0,0.0,0.0,A,G
19,11120135,11120135,0.662000,0.988000,5.37,1,0.001553,9.784000,1.000000,-4.23,0.531,0.089,2.47,-2.35,0.46,0.535,0.924,0,1,0.0,0.0,1.0,0.0,G,C
19,11120136,11120136,-0.151000,0.983000,2.17,0.999948,0.001553,-0.026000,0.924000,-4.23,0.552,0.048,1.655,-3.89,0.731,0.983,0.97,0,1,0.0,0.405,0.0,0.595,T,G
19,11120137,11120137,0.662000,0.982000,5.37,1,0.001610,9.784000,1.000000,-2.84,0.865,0.001,3.785,-4.54,0.867,1.0,0.998,0,1,0.0,0.0,1.0,0.0,G,C
19,11120138,11120138,0.587000,0.979000,4.34,1,0.001610,6.015000,1.000000,-2.84,0.939,0.0,3.785,-5.49,0.898,1.0,0.998,1,1,0.0,0.9202,0.0,0.0798,C,A
19,11120141,11120141,0.740000,0.948000,5.37,0.999967,0.000563,7.313000,1.000000,-2.84,0.612,0.022,2.955,-4.72,0.673,0.589,0.556,0,1,1.0,0.0,0.0,0.0,A,G
19,11120141,11120141,0.740000,0.948000,5.37,0.999997,0.000563,7.313000,1.000000,-3.02,0.677,0.0,3.76,-8.41,0.919,0.979,0.983,0,1,1.0,0.0,0.0,0.0,A,T
19,11120143,11120143,0.587000,0.920000,5.37,1,0.005527,1.453000,1.000000,-3.96,0.956,0.0,2.47,-7.01,0.67,0.987,0.88,1,1,0.1618,0.8381,0.0,0.0,C,T
19,11120144,11120144,0.662000,0.917000,4.33,0.999956,0.005527,4.131000,1.000000,-3.95,0.905,0.001,3.165,-4.36,0.633,0.999,0.971,1,1,0.079,0.0,0.921,0.0,G,A
19,11120144,11120144,0.662000,0.917000,4.33,0.999983,0.005527,4.131000,1.000000,-3.95,0.935,0.001,3.165,-6.06,0.706,0.98,0.953,1,1,0.079,0.0,0.921,0.0,G,T
19,11120146,11120146,0.587000,0.897000,3.22,0.985763,0.318752,1.022000,0.604000,-4.38,0.621,0.721,0.935,-1.38,0.127,0.014,0.096,0,1,0.1663,0.689,0.0,0.1447,C,T
19,11120149,11120149,0.740000,0.782000,5.37,1,0.008207,9.123000,1.000000,-4.01,0.632,0.002,3.715,-4.94,0.56,0.577,0.929,0,1,1.0,0.0,0.0,0.0,A,C
19,11120153,11120153,0.662000,0.323000,5.37,1,0.001255,9.784000,1.000000,-5.52,0.933,0.001,3.88,-6.46,0.917,0.192,0.578,1,1,0.0,0.0,1.0,0.0,G,A
19,11120153,11120153,0.662000,0.323000,5.37,1,0.001255,9.784000,1.000000,-5.61,0.886,0.001,3.88,-8.36,0.948,0.993,0.994,1,1,0.0,0.0,1.0,0.0,G,T
19,11120155,11120155,0.651000,0.078000,5.37,1,0.699468,-0.642000,0.000000,-4.01,0.436,0.42,1.825,-1.46,0.101,0.0,0.013,0,1,0.154,0.0,0.0,0.846,T,A
19,11120156,11120156,-0.189000,0.029000,2.09,1,0.699468,0.142000,0.000000,-4.15,0.525,0.039,2.52,-2.93,0.347,0.794,0.731,0,1,0.0,0.6485,0.1372,0.2143,C,G
19,11120158,11120158,0.662000,0.007000,5.37,0.999465,0.031948,4.794000,1.000000,-3.84,0.483,0.09,0.93,-3.56,0.214,0.046,0.155,0,1,0.0836,0.0,0.9164,0.0,G,A
19,11120162,11120162,0.651000,0.002000,5.37,0.999996,0.123979,7.848000,0.978000,-3.65,0.892,0.0,2.485,-5.8,0.737,0.024,0.245,1,1,0.0,0.0,0.0,1.0,T,A
19,11120162,11120162,0.651000,0.002000,5.37,0.999997,0.123979,7.848000,0.978000,-3.8,0.664,0.001,2.485,-6.25,0.512,0.018,0.292,1,1,0.0,0.0,0.0,1.0,T,G
19,11120164,11120164,-0.797000,0.001000,-7.3,1,0.787352,-0.678000,0.000000,-3.86,0.484,0.028,1.59,-1.89,0.312,0.049,0.242,0,1,0.2244,0.7158,0.0598,0.0,A,T
19,11120171,11120171,0.651000,0.014000,4.35,0.978922,0.661732,7.848000,1.000000,-4.09,0.927,0.001,1.79,-4.56,0.688,0.883,0.924,1,1,0.0,0.0785,0.0,0.9215,T,C
19,11120171,11120171,0.651000,0.014000,4.35,0.985,0.661732,7.848000,1.000000,-4.1,0.532,0.0,2.34,-4.96,0.496,0.996,0.983,0,1,0.0,0.0785,0.0,0.9215,T,G
19,11120173,11120173,0.662000,0.020000,3.21,0.999961,0.070798,9.784000,1.000000,-3.92,0.897,0.005,3.19,-4.25,0.829,0.021,0.292,0,1,0.0763,0.1388,0.7849,0.0,G,C
19,11120174,11120174,0.587000,0.022000,3.26,0.99981,0.070798,1.043000,0.411000,-3.87,0.575,0.294,1.745,-2.3,0.164,0.013,0.093,1,1,0.0,0.8425,0.0,0.1575,C,T
19,11120188,11120188,0.651000,0.467000,4.35,0.999984,0.011284,1.005000,0.002000,-3.93,0.803,0.079,2.295,-3.06,0.604,0.018,0.078,1,1,0.0,0.0788,0.0,0.9212,T,C
19,11120188,11120188,0.651000,0.467000,4.35,0.999999,0.011284,1.005000,0.002000,-3.75,0.511,0.223,2.755,-2.37,0.401,0.032,0.428,1,1,0.0,0.0788,0.0,0.9212,T,G
19,11120189,11120189,0.587000,0.492000,4.33,0.999931,0.011284,1.518000,0.002000,-3.93,0.539,0.015,1.95,-4.21,0.528,0.967,0.964,1,1,0.0,0.9205,0.0,0.0795,C,T
19,11120191,11120191,0.587000,0.514000,5.37,1,0.011118,3.361000,0.996000,-6.17,0.796,0.007,3.755,-5.88,0.654,0.963,0.971,1,1,0.0,1.0,0.0,0.0,C,T
19,11120192,11120192,0.587000,0.514000,3.25,1,0.011118,7.738000,1.000000,-6.07,0.895,0.001,2.34,-7.84,0.773,0.18,0.696,1,1,0.0,0.8441,0.0,0.1559,C,T
19,11120194,11120194,0.662000,0.541000,3.2,0.999274,0.044813,5.378000,1.000000,-3.99,0.5,0.245,2.875,-2.06,0.685,0.473,0.807,0,1,0.0767,0.1391,0.7842,0.0,G,A
19,11120197,11120197,0.662000,0.564000,5.37,1,0.000994,9.784000,1.000000,-4.07,0.873,0.008,3.715,-4.35,0.761,0.187,0.689,1,1,0.0,0.0,1.0,0.0,G,A
19,11120197,11120197,0.662000,0.564000,5.37,1,0.000994,9.784000,1.000000,-4.08,0.916,0.001,3.715,-7.81,0.924,1.0,0.999,1,1,0.0,0.0,1.0,0.0,G,T
19,11120198,11120198,0.740000,0.555000,4.35,1,0.000994,7.328000,1.000000,-3.39,0.754,0.031,2.05,-5.71,0.554,0.14,0.752,1,1,0.918,0.0,0.082,0.0,A,G
19,11120198,11120198,0.740000,0.555000,4.35,1,0.000994,7.328000,1.000000,-3.97,0.93,0.001,2.435,-8.08,0.916,0.993,0.996,1,1,0.918,0.0,0.082,0.0,A,T
19,11120200,11120200,0.740000,0.546000,3.21,0.982871,0.009573,3.236000,1.000000,-3.68,0.796,0.046,-0.95,1.12,0.399,0.001,0.032,1,1,0.5932,0.0,0.0,0.4068,A,G
19,11120200,11120200,0.740000,0.546000,3.21,0.984663,0.009573,3.236000,1.000000,-3.23,0.642,0.04,-1.665,0.53,0.208,0.0,0.005,0,1,0.5932,0.0,0.0,0.4068,A,T
19,11120201,11120201,0.651000,0.549000,4.35,0.820587,0.009573,7.848000,1.000000,-3.84,0.678,0.001,0.55,-2.36,0.379,0.006,0.718,1,1,0.0,0.079,0.0,0.921,T,C
19,11120203,11120203,0.662000,0.581000,4.33,0.936233,0.004753,2.145000,0.980000,-4.01,0.504,0.475,0.645,-0.32,0.097,0.0,0.022,0,1,0.082,0.0,0.918,0.0,G,A
19,11120203,11120203,0.662000,0.581000,4.33,0.998236,0.004753,2.145000,0.980000,-4.12,0.545,0.001,2.83,-4.06,0.835,0.638,0.874,1,1,0.082,0.0,0.918,0.0,G,T
19,11120204,11120204,0.651000,0.601000,5.37,1,0.004753,6.107000,1.000000,-4.12,0.657,0.0,2.83,-6.45,0.589,0.013,0.176,1,1,0.0,0.0828,0.0,0.9172,T,G
19,11120206,11120206,0.587000,0.638000,4.33,0.999968,0.011559,2.198000,0.980000,-4.38,0.573,0.002,2.655,-2.87,0.448,0.926,0.974,1,1,0.0,0.8342,0.0,0.1658,C,T
19,11120207,11120207,0.651000,0.654000,5.37,1,0.011559,7.848000,1.000000,-4.38,0.748,0.0,3.005,-5.0,0.945,0.999,0.997,1,1,0.0,0.0,0.0,1.0,T,C
19,11120209,11120209,0.651000,0.683000,5.37,0.999186,0.015599,7.848000,1.000000,-3.99,0.87,0.004,2.045,-4.74,0.577,0.15,0.328,1,1,0.0,0.0,0.0,1.0,T,C
19,11120211,11120211,-0.216000,0.696000,-0.102,0.996904,0.015599,0.974000,1.000000,-3.99,0.87,0.004,2.045,-4.74,0.577,0.15,0.328,1,1,0.0,0.5873,0.0,0.4127,C,G
19,11120212,11120212,0.587000,0.712000,5.37,1,0.000687,7.738000,1.000000,-4.02,0.936,0.001,3.845,-6.65,0.845,0.597,0.819,1,1,0.0,1.0,0.0,0.0,C,A
19,11120214,11120214,0.587000,0.722000,5.37,1,0.000687,2.388000,1.000000,-4.01,0.924,0.018,3.15,-7.56,0.86,0.803,0.855,1,1,0.0,1.0,0.0,0.0,C,G
19,11120216,11120216,0.740000,0.703000,4.35,0.679618,0.475156,3.378000,1.000000,-2.78,0.519,0.109,0,-1.82,0.184,0.0,0.004,0,1,0.7698,0.1503,0.0799,0.0,A,G
19,11120217,11120217,0.587000,0.675000,2.04,0.750763,0.475156,0.475000,0.982000,-2.77,0.586,0.101,1.1,-1.82,0.231,0.002,0.015,0,1,0.0,0.6452,0.1355,0.2193,C,A
19,11120219,11120219,-0.135000,0.613000,3.27,1,0.608960,4.991000,0.997000,-2.86,0.671,0.002,3.125,-6.04,0.761,0.77,0.817,1,1,0.0,0.0757,0.1432,0.7811,T,C
19,11120221,11120221,0.740000,0.596000,4.31,0.929979,0.032893,1.797000,0.093000,-2.81,0.849,0.102,1.67,-2.05,0.358,0.045,0.142,1,1,0.73,0.27,0.0,0.0,A,C
19,11120222,11120222,0.587000,0.570000,1.85,0.996903,0.032893,0.541000,0.010000,-2.78,0.5,0.108,1.32,-1.23,0.482,0.003,0.036,1,1,0.0,0.5397,0.2868,0.1735,C,A
19,11120224,11120224,0.587000,0.533000,5.37,1,0.028092,7.738000,1.000000,-2.95,0.713,0.001,3.08,-3.76,0.801,0.451,0.462,1,1,0.0,1.0,0.0,0.0,C,A
19,11120224,11120224,0.587000,0.533000,5.37,0.999999,0.028092,7.738000,1.000000,-2.98,0.708,0.006,3.68,-2.87,0.725,0.012,0.041,0,1,0.0,1.0,0.0,0.0,C,G
19,11120225,11120225,0.740000,0.530000,4.31,0.999999,0.028092,7.266000,1.000000,-2.99,0.69,0.001,3.425,-5.79,0.586,0.898,0.928,1,1,0.8524,0.1476,0.0,0.0,A,C
19,11120226,11120226,0.662000,0.519000,3.22,0.999256,0.028092,1.529000,1.000000,-2.99,0.721,0.0,3.535,-4.71,0.747,0.978,0.915,1,1,0.3164,0.0,0.6836,0.0,G,C
19,11120226,11120226,0.662000,0.519000,3.22,0.999256,0.028092,1.529000,1.000000,-2.99,0.721,0.0,3.535,-4.71,0.747,0.978,0.915,1,1,0.3164,0.0,0.6836,0.0,G,T
19,11120227,11120227,0.587000,0.495000,3.23,0.999998,0.011036,7.738000,1.000000,-2.91,0.666,0.003,3.14,-7.29,0.836,0.297,0.53,1,1,0.1438,0.7802,0.0,0.0759,C,A
19,11120227,11120227,0.587000,0.495000,3.23,0.999997,0.011036,7.738000,1.000000,-2.91,0.74,0.006,2.96,-7.25,0.773,0.003,0.021,1,1,0.1438,0.7802,0.0,0.0759,C,G
19,11120228,11120228,0.599000,0.458000,5.37,1,0.011036,7.746000,1.000000,-2.73,0.85,0.133,3.01,-8.93,0.878,0.773,0.81,1,1,0.0,1.0,0.0,0.0,C,T
19,11120230,11120230,0.756000,0.367000,4.34,0.997997,0.754325,1.472000,0.000000,-2.62,0.39,0.111,1.3,-2.86,0.261,0.006,0.033,0,1,0.8512,0.1488,0.0,0.0,A,G
19,11120231,11120231,-0.113000,0.311000,0.598,0.999869,0.754325,-0.548000,0.000000,-2.5,0.407,0.826,-0.755,0.45,0.074,0.0,0.0,0,1,0.4521,0.1911,0.3568,0.0,G,A
19,11120233,11120233,0.676000,0.270000,5.37,1,0.002065,9.795000,1.000000,-2.72,0.781,0.001,3.795,-5.35,0.611,0.65,0.417,0,1,0.0,0.0,1.0,0.0,G,A
19,11120370,11120370,0.676000,0.561000,3.26,0.999966,0.002065,4.365000,1.000000,-2.68,0.843,0.009,3.245,-5.45,0.527,0.994,0.95,1,1,0.0822,0.3057,0.6121,0.0,G,A
19,11120370,11120370,0.676000,0.561000,3.26,0.999992,0.002065,4.365000,1.000000,-2.65,0.658,0.366,2.005,-3.11,0.322,0.118,0.195,1,1,0.0822,0.3057,0.6121,0.0,G,C
19,11120375,11120375,0.756000,0.714000,4.44,1,0.000015,3.666000,1.000000,-2.96,0.712,0.001,3.9,-6.58,0.832,1.0,0.996,0,1,0.9198,0.0,0.0802,0.0,A,T
19,11120377,11120377,-0.176000,0.738000,4.41,0.999999,0.000015,1.733000,1.000000,-2.86,0.693,0.001,3.555,-4.73,0.706,1.0,0.983,0,1,0.0,0.748,0.0,0.252,C,G
19,11120379,11120379,0.676000,0.770000,4.38,1,0.000062,6.738000,1.000000,-4.26,0.827,0.067,1.58,-8.33,0.656,0.996,0.976,0,1,0.0,0.1458,0.8542,0.0,G,T
19,11120381,11120381,0.665000,0.769000,5.45,1,0.000010,8.004000,1.000000,-5.56,0.967,0.0,4.185,-9.38,0.942,1.0,0.999,1,1,0.0,0.0,0.0,1.0,T,A
19,11120381,11120381,0.665000,0.769000,5.45,1,0.000010,8.004000,1.000000,-5.57,0.939,0.0,4.53,-11.22,0.937,1.0,1.0,1,1,0.0,0.0,0.0,1.0,T,G
19,11120382,11120382,0.676000,0.757000,5.45,1,0.000010,9.176000,1.000000,-5.56,0.966,0.0,4.53,-10.33,0.952,1.0,1.0,1,1,0.0,0.0,1.0,0.0,G,A
19,11120382,11120382,0.676000,0.757000,5.45,1,0.000010,9.176000,1.000000,-5.56,0.955,0.0,4.53,-10.32,0.933,1.0,1.0,1,1,0.0,0.0,1.0,0.0,G,T
19,11120383,11120383,0.665000,0.734000,4.43,1,0.000010,1.172000,1.000000,-5.58,0.949,0.0,4.53,-10.33,0.942,1.0,1.0,1,1,0.0,0.079,0.0,0.921,T,G
19,11120386,11120386,-0.108000,0.483000,3.28,0.725709,0.010024,0.572000,0.262000,-4.29,0.469,0.095,1.88,-1.52,0.51,0.333,0.252,0,1,0.2435,0.1621,0.5944,0.0,G,C
19,11120389,11120389,0.676000,0.226000,-0.655,1,0.438631,-0.186000,0.000000,-4.33,0.529,0.643,-0.07,-1.02,0.127,0.0,0.001,0,1,0.2247,0.1266,0.3889,0.2598,G,T
19,11120391,11120391,0.599000,0.099000,3.12,1,0.118074,0.466000,0.000000,-4.44,0.602,0.061,2.085,-2.73,0.406,0.657,0.496,0,1,0.2758,0.4402,0.2839,0.0,C,T
19,11120399,11120399,-0.145000,0.004000,1.97,1,0.440182,-0.271000,0.000000,-3.95,0.805,0.096,0.335,-1.11,0.36,0.0,0.002,0,1,0.2796,0.4353,0.1268,0.1583,A,C
19,11120400,11120400,0.676000,0.006000,-10.6,1,0.440182,-1.197000,0.000000,-3.5,0.572,0.207,-0.825,-0.76,0.133,0.0,0.0,0,1,0.37,0.187,0.4431,0.0,G,A
19,11120402,11120402,0.756000,0.009000,3.14,0.999996,0.008027,5.086000,1.000000,-4.99,0.669,0.001,3.64,-4.46,0.679,0.963,0.902,0,1,0.7233,0.0,0.0,0.2767,A,C
19,11120405,11120405,0.676000,0.057000,5.3,1,0.000034,7.886000,1.000000,-4.92,0.905,0.006,2.9,-5.61,0.74,0.854,0.824,1,1,0.0,0.0,1.0,0.0,G,A
19,11120408,11120408,0.676000,0.219000,5.3,1,0.000032,7.659000,1.000000,-4.79,0.858,0.002,2.915,-7.51,0.884,1.0,1.0,1,1,0.0,0.0,1.0,0.0,G,C
19,11120411,11120411,0.665000,0.408000,5.3,1,0.000009,8.004000,1.000000,-6.92,0.96,0.0,4.79,-11.27,0.979,1.0,1.0,1,1,0.0,0.0,0.0,1.0,T,C
19,11120412,11120412,0.676000,0.455000,5.3,1,0.000009,9.986000,1.000000,-6.92,0.897,0.0,4.79,-10.33,0.978,1.0,1.0,1,1,0.0,0.0,1.0,0.0,G,A
19,11120412,11120412,0.676000,0.455000,5.3,1,0.000009,9.986000,1.000000,-6.92,0.932,0.0,4.79,-10.33,0.966,1.0,1.0,1,1,0.0,0.0,1.0,0.0,G,T
19,11120416,11120416,-0.106000,0.500000,1.9,0.99364,0.002691,0.104000,0.977000,-4.06,0.586,0.003,2.105,-2.72,0.22,0.894,0.663,0,1,0.0724,0.1291,0.6646,0.1339,G,T
19,11120421,11120421,0.665000,0.496000,5.3,1,0.015643,8.004000,1.000000,-4.46,0.826,0.0,4.395,-6.46,0.909,1.0,0.993,1,1,0.0,0.0,0.0,1.0,T,C
19,11120423,11120423,0.665000,0.455000,5.3,1,0.000010,8.004000,1.000000,-10.09,0.945,0.003,4.785,-11.27,0.93,1.0,1.0,1,1,0.0,0.0,0.0,1.0,T,G
19,11120424,11120424,0.676000,0.404000,5.3,1,0.000010,9.986000,1.000000,-10.09,0.99,0.001,4.785,-10.33,0.948,1.0,1.0,1,1,0.0,0.0,1.0,0.0,G,A
19,11120424,11120424,0.676000,0.404000,5.3,1,0.000010,9.986000,1.000000,-10.09,0.979,0.001,4.785,-9.39,0.918,1.0,1.0,1,1,0.0,0.0,1.0,0.0,G,C
19,11120425,11120425,-0.167000,0.316000,-4.88,1,0.000010,-0.847000,0.012000,-10.09,0.979,0.001,4.785,-10.33,0.97,1.0,1.0,1,1,0.0,0.8418,0.0,0.1582,C,G
19,11120426,11120426,0.599000,0.273000,5.3,1,0.000191,7.893000,1.000000,-4.26,0.801,0.0,2.545,-3.76,0.731,1.0,1.0,1,1,0.0,1.0,0.0,0.0,C,T
19,11120427,11120427,0.665000,0.206000,5.3,1,0.000191,8.004000,1.000000,-4.19,0.897,0.0,3.13,-5.64,0.961,1.0,1.0,1,1,0.0,0.0,0.0,1.0,T,G
19,11120430,11120430,0.599000,0.047000,5.3,1,0.000043,7.893000,1.000000,-4.48,0.546,0.001,1.495,-7.79,0.756,1.0,0.992,0,1,0.0,1.0,0.0,0.0,C,T
19,11120432,11120432,0.676000,0.008000,5.3,1,0.000048,9.986000,1.000000,-3.76,0.785,0.0,1.795,-3.76,0.678,1.0,1.0,1,1,0.0,0.0,1.0,0.0,G,A
19,11120432,11120432,0.676000,0.008000,5.3,1,0.000048,9.986000,1.000000,-4.01,0.622,0.0,3.125,-4.7,0.811,1.0,1.0,0,1,0.0,0.0,1.0,0.0,G,C
19,11120433,11120433,0.599000,0.009000,4.25,1,0.000048,7.893000,1.000000,-3.98,0.575,0.0,2.215,-3.76,0.705,1.0,0.999,0,1,0.0,0.8546,0.1454,0.0,C,T
19,11120435,11120435,0.599000,0.008000,5.3,1,0.000044,7.893000,1.000000,-4.31,0.924,0.001,3.11,-7.5,0.873,1.0,0.997,1,1,0.0,1.0,0.0,0.0,C,A
19,11120435,11120435,0.599000,0.008000,5.3,1,0.000044,7.893000,1.000000,-4.26,0.855,0.015,2.615,-7.5,0.7,1.0,0.99,1,1,0.0,1.0,0.0,0.0,C,G
19,11120435,11120435,0.599000,0.008000,5.3,1,0.000044,7.893000,1.000000,-4.3,0.866,0.002,2.75,-7.5,0.764,1.0,0.997,1,1,0.0,1.0,0.0,0.0,C,T
19,11120436,11120436,0.599000,0.007000,5.3,1,0.000044,7.893000,1.000000,-4.31,0.711,0.0,3.045,-7.51,0.743,1.0,0.999,1,1,0.0,1.0,0.0,0.0,C,A
19,11120436,11120436,0.599000,0.007000,5.3,1,0.000044,7.893000,1.000000,-4.32,0.754,0.0,3.19,-8.44,0.879,1.0,1.0,1,1,0.0,1.0,0.0,0.0,C,G
19,11120438,11120438,0.599000,0.009000,4.27,0.994971,0.006322,6.097000,1.000000,-4.36,0.321,0.001,2.545,-2.51,0.502,0.725,0.279,1,1,0.0,0.9197,0.0,0.0803,C,G
19,11120439,11120439,0.756000,0.011000,5.3,0.974279,0.006322,3.435000,1.000000,-4.36,0.36,0.006,1.95,-3.26,0.224,0.853,0.653,0,1,0.844,0.0,0.0,0.156,A,G
19,11120445,11120445,0.756000,0.024000,3.13,0.784835,0.030727,0.007000,0.000000,-4.43,0.266,0.427,1,-1.96,0.144,0.008,0.019,0,1,0.4614,0.45,0.0886,0.0,A,G
19,11120450,11120450,0.599000,0.005000,4.27,1,0.470348,2.636000,0.014000,-4.28,0.729,0.002,2.315,-6.95,0.365,0.02,0.166,1,1,0.0,0.9198,0.0,0.0802,C,G
19,11120450,11120450,0.599000,0.005000,4.27,1,0.470348,2.636000,0.014000,-4.33,0.416,0.034,1.47,-4.56,0.229,0.0,0.004,0,1,0.0,0.9198,0.0,0.0802,C,T
19,11120457,11120457,0.599000,0.159000,5.3,1,0.000042,7.893000,1.000000,-4.44,0.516,0.0,1.94,-7.84,0.678,0.999,0.988,0,1,0.0,1.0,0.0,0.0,C,G
19,11120459,11120459,0.756000,0.210000,5.3,0.999984,0.000025,7.280000,1.000000,-3.99,0.433,0.007,2.435,-3.74,0.54,0.999,0.985,0,1,1.0,0.0,0.0,0.0,A,C
19,11120460,11120460,0.756000,0.218000,4.29,0.999961,0.000025,4.584000,1.000000,-4.02,0.414,0.031,1.69,-2.81,0.23,0.999,0.992,0,1,0.921,0.0,0.079,0.0,A,G
19,11120462,11120462,0.665000,0.212000,4.29,0.999993,0.001082,8.004000,1.000000,-3.82,0.822,0.002,1.21,-4.72,0.673,0.25,0.46,1,1,0.0,0.0803,0.0,0.9197,T,G
19,11120465,11120465,0.756000,0.184000,5.3,1,0.000029,7.493000,1.000000,-4.16,0.586,0.001,3.67,-5.61,0.718,0.999,0.989,0,1,1.0,0.0,0.0,0.0,A,C
19,11120465,11120465,0.756000,0.184000,5.3,1,0.000029,7.493000,1.000000,-4.09,0.477,0.005,2.915,-4.67,0.791,0.979,0.873,0,1,1.0,0.0,0.0,0.0,A,G
19,11120468,11120468,0.665000,0.192000,5.3,1,0.000010,8.004000,1.000000,-10.09,0.86,0.0,4.785,-9.39,0.983,0.999,0.993,1,1,0.0,0.0,0.0,1.0,T,A
19,11120468,11120468,0.665000,0.192000,5.3,1,0.000010,8.004000,1.000000,-10.09,0.919,0.0,4.785,-11.27,0.989,1.0,0.998,0,1,0.0,0.0,0.0,1.0,T,C
19,11120468,11120468,0.665000,0.192000,5.3,1,0.000010,8.004000,1.000000,-10.09,0.914,0.0,4.785,-11.27,0.986,0.999,0.997,1,1,0.0,0.0,0.0,1.0,T,G
19,11120469,11120469,0.676000,0.182000,5.3,1,0.000010,9.986000,1.000000,-10.09,0.97,0.0,4.785,-10.33,0.983,1.0,0.998,1,1,0.0,0.0,1.0,0.0,G,A
19,11120469,11120469,0.676000,0.182000,5.3,1,0.000010,9.986000,1.000000,-10.09,0.968,0.0,4.785,-10.33,0.978,1.0,0.996,1,1,0.0,0.0,1.0,0.0,G,T
19,11120470,11120470,-0.985000,0.160000,-2.11,1,0.000010,-0.240000,0.563000,-10.09,0.964,0.0,4.785,-10.33,0.974,1.0,1.0,1,1,0.0,0.2049,0.0,0.7951,C,G
19,11120471,11120471,-0.115000,0.167000,3.17,0.999975,0.014546,4.276000,0.997000,-4.21,0.565,0.039,2.595,-2.45,0.164,0.027,0.033,1,1,0.1169,0.0,0.8831,0.0,G,A
19,11120471,11120471,-0.115000,0.167000,3.17,0.999993,0.014546,4.276000,0.997000,-4.28,0.88,0.002,4.16,-3.73,0.79,0.891,0.816,1,1,0.1169,0.0,0.8831,0.0,G,C
19,11120474,11120474,0.665000,0.218000,5.3,1,0.000010,8.004000,1.000000,-10.09,0.915,0.001,4.77,-10.9,0.996,0.999,0.988,1,1,0.0,0.0,0.0,1.0,T,C
19,11120474,11120474,0.665000,0.218000,5.3,1,0.000010,8.004000,1.000000,-10.09,0.88,0.002,4.77,-10.87,0.982,0.995,0.972,0,1,0.0,0.0,0.0,1.0,T,G
19,11120475,11120475,0.676000,0.231000,5.3,1,0.000010,9.986000,1.000000,-10.09,0.962,0.001,4.77,-9.83,0.983,0.998,0.957,1,1,0.0,0.0,1.0,0.0,G,A
19,11120475,11120475,0.676000,0.231000,5.3,1,0.000010,9.986000,1.000000,-10.09,0.978,0.001,4.77,-9.86,0.992,0.998,0.957,1,1,0.0,0.0,1.0,0.0,G,T
19,11120481,11120481,0.756000,0.225000,5.3,1,0.000029,6.187000,1.000000,-4.04,0.813,0.003,3.11,-5.73,0.852,0.997,0.99,1,1,1.0,0.0,0.0,0.0,A,G
19,11120481,11120481,0.756000,0.225000,5.3,1,0.000029,6.187000,1.000000,-4.03,0.654,0.001,2.72,-7.59,0.874,0.997,0.991,0,1,1.0,0.0,0.0,0.0,A,T
19,11120482,11120482,-1.657000,0.222000,-10.6,0.999361,0.000029,-2.537000,0.000000,-3.86,0.728,0.124,1.915,-3.15,0.682,0.992,0.963,1,1,0.0,0.0867,0.0,0.9133,C,G
19,11120488,11120488,-0.153000,0.527000,4.13,0.999962,0.000107,6.684000,1.000000,-3.99,0.54,0.038,2.05,-2.75,0.418,0.049,0.08,1,1,0.0827,0.0,0.9173,0.0,G,A
19,11120488,11120488,-0.153000,0.527000,4.13,0.999977,0.000107,6.684000,1.000000,-3.99,0.54,0.038,2.05,-2.75,0.418,0.049,0.08,0,1,0.0827,0.0,0.9173,0.0,G,C
19,11120495,11120495,0.676000,0.880000,5.3,0.999986,0.002609,6.831000,1.000000,-3.97,0.798,0.179,1.515,-0.99,0.191,0.381,0.64,1,1,0.0,0.0,1.0,0.0,G,T
19,11120496,11120496,0.599000,0.896000,4.23,0.999676,0.002609,0.099000,0.004000,-4.15,0.446,0.062,1.93,-2.74,0.526,0.988,0.771,1,1,0.0,0.6927,0.3073,0.0,C,T
19,11120501,11120501,0.676000,0.965000,5.3,1,0.000026,8.464000,1.000000,-5.29,0.641,0.174,2.64,-3.35,0.776,0.988,0.93,1,1,0.0,0.0,1.0,0.0,G,A
19,11120501,11120501,0.676000,0.965000,5.3,1,0.000026,8.464000,1.000000,-5.41,0.743,0.001,4.065,-5.54,0.87,1.0,0.984,0,1,0.0,0.0,1.0,0.0,G,C
19,11120501,11120501,0.676000,0.965000,5.3,1,0.000026,8.464000,1.000000,-5.41,0.894,0.001,4.615,-7.49,0.885,1.0,0.99,1,1,0.0,0.0,1.0,0.0,G,T
19,11120502,11120502,0.756000,0.977000,5.3,1,0.000026,7.269000,1.000000,-5.4,0.757,0.0,4.27,-7.61,0.887,0.967,0.92,1,1,1.0,0.0,0.0,0.0,A,T
19,11120503,11120503,0.599000,0.983000,4.21,0.998339,0.000026,0.214000,0.979000,-5.36,0.6,0.026,3.645,-3.2,0.66,0.747,0.663,0,1,0.0,0.8728,0.0,0.1272,C,A
19,11120507,11120507,0.756000,0.988000,-2.0,0.999976,0.000039,0.266000,0.966000,-4.07,0.479,0.014,3.37,-5.77,0.697,0.999,0.985,1,1,0.4586,0.5414,0.0,0.0,A,G
19,11120508,11120508,0.676000,0.986000,3.18,0.999895,0.000039,4.124000,1.000000,-4.31,0.411,0.502,0.755,-1.78,0.378,0.979,0.927,0,1,0.1598,0.0,0.8402,0.0,G,A
19,11120511,11120511,0.676000,0.987000,3.06,0.868684,0.032465,0.284000,0.688000,-4.14,0.329,0.212,1.49,-0.72,0.101,0.0,0.002,0,1,0.0806,0.1452,0.7743,0.0,G,A
19,11120513,11120513,0.665000,0.986000,4.29,1,0.000010,7.877000,1.000000,-8.68,0.934,0.0,4.76,-9.03,0.95,0.998,0.995,1,1,0.0,0.0803,0.0,0.9197,T,A
19,11120513,11120513,0.665000,0.986000,4.29,1,0.000010,7.877000,1.000000,-8.69,0.898,0.0,4.76,-10.01,0.947,1.0,0.999,0,1,0.0,0.0803,0.0,0.9197,T,C
19,11120514,11120514,0.676000,0.984000,5.3,1,0.000010,7.981000,1.000000,-8.68,0.966,0.0,4.76,-9.74,0.977,1.0,0.999,1,1,0.0,0.0,1.0,0.0,G,A
19,11120514,11120514,0.676000,0.984000,5.3,1,0.000010,7.981000,1.000000,-8.68,0.934,0.0,4.76,-9.03,0.95,0.998,0.995,1,1,0.0,0.0,1.0,0.0,G,C
19,11120514,11120514,0.676000,0.984000,5.3,1,0.000010,7.981000,1.000000,-8.69,0.975,0.0,4.76,-9.98,0.958,1.0,0.999,1,1,0.0,0.0,1.0,0.0,G,T
19,11120515,11120515,0.599000,0.978000,0.377,1,0.000010,0.122000,0.184000,-8.69,0.894,0.0,4.76,-10.06,0.96,1.0,1.0,0,1,0.0,0.6057,0.0,0.3943,C,G
19,11120520,11120520,0.599000,0.928000,1.47,0.856239,0.651430,0.312000,0.026000,-2.54,0.307,0.658,1.78,-1.02,0.259,0.162,0.197,0,1,0.2565,0.5236,0.1184,0.1015,C,G
19,11120520,11120520,0.599000,0.928000,1.47,1,0.651430,0.312000,0.026000,-2.61,0.389,0.186,0.68,-2.25,0.175,0.001,0.008,0,1,0.2565,0.5236,0.1184,0.1015,C,T
19,11120522,11120522,0.676000,0.854000,5.17,0.999897,0.693018,6.661000,1.000000,-2.57,0.793,0.31,1.905,-0.97,0.261,0.002,0.011,1,1,0.0,0.0,1.0,0.0,G,A
19,11120522,11120522,0.676000,0.854000,5.17,0.999558,0.693018,6.661000,1.000000,-2.62,0.349,0.207,1.905,-0.73,0.196,0.094,0.111,1,1,0.0,0.0,1.0,0.0,G,C
19,11123174,11123174,0.735000,0.660000,2.28,0.999999,0.693018,1.493000,0.882000,-2.59,0.338,0.519,1.905,-0.56,0.266,0.0,0.005,0,1,0.869,0.0,0.131,0.0,A,C
19,11123180,11123180,0.735000,0.332000,3.3,1,0.999422,0.446000,0.001000,-2.6,0.193,0.545,1.95,-0.7,0.242,0.001,0.001,0,1,1.0,0.0,0.0,0.0,A,C
19,11123182,11123182,-0.909000,0.060000,-5.9,1,0.631613,-2.651000,0.000000,-2.61,0.276,0.825,0.14,0.72,0.108,0.0,0.001,0,1,0.1388,0.2054,0.447,0.2088,G,A
19,11123183,11123183,0.583000,0.037000,2.23,1,0.631613,0.632000,0.000000,-2.67,0.718,0.213,0.69,-0.85,0.469,0.018,0.021,0,1,0.0,0.869,0.0,0.131,C,G
19,11123188,11123188,-0.168000,0.002000,-1.31,1,0.030513,-0.238000,0.000000,-2.52,0.732,0.815,0.695,-0.67,0.355,0.0,0.001,0,1,0.1303,0.5683,0.3014,0.0,G,C
19,11123191,11123191,-0.134000,0.037000,2.28,0.999997,0.241442,1.526000,0.100000,-2.57,0.317,1.0,-0.68,1.01,0.064,0.0,0.001,0,1,0.8501,0.0,0.1499,0.0,G,A
19,11123194,11123194,0.735000,0.084000,2.92,0.523332,0.003714,0.643000,0.113000,-2.58,0.207,0.163,2.175,-1.19,0.153,0.376,0.114,0,1,0.7888,0.2112,0.0,0.0,A,G
19,11123198,11123198,0.735000,0.070000,-1.32,1,0.335226,-1.159000,0.000000,-2.58,0.282,0.515,1.21,-0.79,0.023,0.0,0.001,0,1,0.5338,0.1713,0.1264,0.1684,A,G
19,11123203,11123203,-0.122000,0.008000,-7.93,1,0.669414,-1.057000,0.000000,-2.56,0.183,0.524,1.385,-0.86,0.073,0.001,0.001,0,1,0.5775,0.1397,0.0935,0.1893,A,G
19,11123209,11123209,0.735000,0.001000,0.055,1,0.094020,0.636000,0.000000,-2.58,0.199,0.294,1.78,-1.62,0.068,0.001,0.004,0,1,0.6009,0.0,0.2123,0.1868,A,G
19,11123212,11123212,-1.614000,0.000000,-4.17,1,0.902651,-0.181000,0.000000,-2.58,0.34,0.553,1.355,-0.27,0.048,0.003,0.002,0,1,0.4483,0.1693,0.3824,0.0,G,A
19,11123213,11123213,-0.174000,0.000000,-1.15,0.999995,0.902651,-1.586000,0.000000,-2.65,0.332,0.311,1.7,-0.85,0.231,0.282,0.072,0,1,0.0,0.4545,0.0,0.5455,T,A
19,11123217,11123217,-0.168000,0.000000,-0.611,1,0.521274,0.217000,0.000000,-2.53,0.365,0.423,2.075,-0.82,0.159,0.083,0.018,0,1,0.2811,0.0,0.4841,0.2349,G,C
19,11123223,11123223,0.658000,0.001000,1.75,1,0.299440,-1.486000,0.000000,-2.61,0.396,0.323,0,-0.18,0.11,0.0,0.001,0,1,0.2263,0.0,0.7737,0.0,G,T
19,11123224,11123224,0.658000,0.001000,2.92,1,0.614838,0.349000,0.000000,-2.58,0.258,0.19,2.095,-0.5,0.057,0.002,0.004,0,1,0.1185,0.0,0.8815,0.0,G,A
19,11123228,11123228,-0.868000,0.000000,-0.776,1,0.118394,-0.698000,0.000000,-2.56,0.243,0.522,0.58,0.12,0.047,0.0,0.002,0,1,0.2699,0.2263,0.5039,0.0,G,C
19,11123231,11123231,-0.279000,0.001000,3.55,1,0.198984,0.566000,0.000000,-2.67,0.796,0.007,2.125,-2.55,0.475,0.954,0.646,0,1,0.0,1.0,0.0,0.0,C,T
19,11123233,11123233,0.669000,0.001000,-0.832,1,0.410369,-1.105000,0.000000,-2.62,0.287,0.054,1.845,-1.53,0.067,0.0,0.001,0,1,0.4979,0.179,0.1336,0.1895,A,G
19,11123240,11123240,-1.262000,0.000000,-6.93,1,0.001068,-5.355000,0.000000,-2.62,0.328,0.389,1.32,-1.29,0.141,0.031,0.021,0,1,0.0,0.4292,0.0,0.5708,T,G
19,11123246,11123246,0.511000,0.001000,-0.253,1,0.059231,0.068000,0.001000,-2.61,0.415,0.14,1.245,-1.38,0.117,0.164,0.081,0,1,0.1862,0.5196,0.1817,0.1124,C,T
19,11123248,11123248,-0.148000,0.002000,0.372,1,0.002626,-0.203000,0.002000,-2.51,0.292,0.456,0.755,-0.35,0.117,0.02,0.021,0,1,0.3798,0.4957,0.1245,0.0,C,G
19,11123249,11123249,0.740000,0.004000,1.65,1,0.002626,2.357000,0.170000,-2.57,0.225,0.297,0.755,-0.32,0.107,0.0,0.001,0,1,0.7599,0.0,0.2401,0.0,A,G
19,11123257,11123257,-0.227000,0.001000,0.031,1,0.031827,-0.851000,0.000000,-2.59,0.352,0.15,-0.035,-1.47,0.052,0.0,0.001,0,1,0.2931,0.2422,0.4646,0.0,A,G
19,11123260,11123260,-0.062000,0.001000,-1.31,1,0.237246,-0.736000,0.000000,-2.6,0.192,0.229,1.39,-1.32,0.085,0.034,0.034,0,1,0.5149,0.0,0.4851,0.0,A,G
19,11123261,11123261,0.587000,0.002000,-3.27,1,0.237246,-0.486000,0.000000,-2.67,0.272,0.023,1.39,-2.45,0.099,0.443,0.192,0,1,0.1788,0.5512,0.2699,0.0,C,T
19,11123266,11123266,0.587000,0.004000,1.11,1,0.189196,0.239000,0.000000,-2.49,0.164,0.393,1.12,-1.03,0.046,0.009,0.004,0,1,0.0,0.6486,0.0,0.3514,C,T
19,11123267,11123267,0.587000,0.005000,1.8,0.999998,0.189196,0.609000,0.000000,-2.53,0.285,0.061,1.67,-2.01,0.083,0.002,0.003,0,1,0.2911,0.7089,0.0,0.0,C,T
19,11123272,11123272,-0.202000,0.003000,-4.56,1,0.537866,-2.245000,0.000000,-2.53,0.251,0.061,1.1,-1.91,0.052,0.002,0.004,0,1,0.1601,0.2376,0.3639,0.2384,C,A
19,11123272,11123272,-0.202000,0.003000,-4.56,1,0.537866,-2.245000,0.000000,-2.54,0.262,0.122,0.895,-2.09,0.043,0.011,0.007,0,1,0.1601,0.2376,0.3639,0.2384,C,T
19,11123275,11123275,-0.710000,0.000000,-6.28,1,0.712210,-0.259000,0.000000,-2.61,0.139,0.055,0.69,-0.55,0.096,0.182,0.113,0,1,0.6856,0.0,0.3144,0.0,G,C
19,11123282,11123282,-0.204000,0.005000,2.09,1,0.583871,1.243000,0.004000,-2.65,0.358,0.051,1.59,-2.33,0.168,0.902,0.264,0,1,0.0,0.838,0.0,0.162,C,T
19,11123284,11123284,0.587000,0.003000,-6.28,1,0.029354,-1.931000,0.000000,-2.65,0.515,0.019,1.1,-1.39,0.088,0.951,0.386,0,1,0.4565,0.1559,0.1596,0.2281,C,T
19,11123302,11123302,-0.294000,0.005000,-1.29,1,0.028739,0.301000,0.020000,-2.52,0.357,0.17,1.74,-1.83,0.109,0.006,0.008,0,1,0.161,0.4436,0.2956,0.0998,C,G
19,11123306,11123306,-0.141000,0.016000,-6.67,0.999987,0.904664,0.171000,0.031000,-2.45,0.25,1.0,-0.605,-0.01,0.057,0.0,0.0,0,1,0.4775,0.264,0.2584,0.0,G,A
19,11123306,11123306,-0.141000,0.016000,-6.67,0.973246,0.904664,0.171000,0.031000,-2.55,0.304,0.374,1.24,-0.7,0.197,0.031,0.021,0,1,0.4775,0.264,0.2584,0.0,G,T
19,11123312,11123312,-0.944000,0.011000,0.718,0.88234,0.029898,0.675000,0.998000,-2.63,0.444,0.107,2.295,-2.6,0.324,0.594,0.198,0,1,0.0,0.4697,0.5303,0.0,C,T
19,11123322,11123322,0.662000,0.007000,2.12,1,0.999210,0.735000,0.473000,-2.62,0.451,0.323,2.36,-0.99,0.143,0.745,0.276,0,1,0.1741,0.1946,0.6313,0.0,G,T
19,11123324,11123324,-2.985000,0.001000,-3.09,1,0.906520,-1.717000,0.000000,-2.55,0.503,0.863,-0.11,0.46,0.016,0.0,0.0,0,1,0.0,0.2161,0.0,0.7839,T,C
19,11123324,11123324,-2.985000,0.001000,-3.09,1,0.906520,-1.717000,0.000000,-2.58,0.504,0.651,1.245,-0.31,0.174,0.024,0.027,0,1,0.0,0.2161,0.0,0.7839,T,G
19,11123327,11123327,0.651000,0.015000,2.13,1,0.087718,0.537000,0.599000,-2.57,0.389,0.412,1.065,-0.66,0.073,0.001,0.004,0,1,0.0,0.2393,0.0,0.7607,T,C
19,11123327,11123327,0.651000,0.015000,2.13,0.99982,0.087718,0.537000,0.599000,-2.66,0.542,0.131,2.215,-2.17,0.381,0.306,0.118,0,1,0.0,0.2393,0.0,0.7607,T,G
19,11123329,11123329,0.740000,0.015000,4.39,0.988232,0.000074,2.137000,0.626000,-2.58,0.476,0.095,2.42,-2.56,0.151,0.968,0.556,0,1,1.0,0.0,0.0,0.0,A,G
19,11123330,11123330,0.587000,0.010000,4.39,0.946935,0.000074,1.645000,0.573000,-2.66,0.8,0.004,2.42,-3.51,0.629,0.982,0.631,1,1,0.0,1.0,0.0,0.0,C,T
19,11123332,11123332,-0.614000,0.000000,-3.53,1,0.089506,-0.261000,0.000000,-2.49,0.407,0.982,1.055,-0.17,0.084,0.0,0.0,0,1,0.34,0.1352,0.5248,0.0,A,G
19,11123333,11123333,-0.730000,0.000000,-2.33,1,0.089506,-0.024000,0.000000,-2.51,0.589,0.506,1.745,-1.53,0.279,0.0,0.0,0,1,0.1174,0.2365,0.1205,0.5256,T,G
19,11123334,11123334,-0.761000,0.001000,0.766,1,0.089506,0.204000,0.001000,-2.52,0.469,0.401,2.095,-0.44,0.09,0.0,0.0,0,1,0.0919,0.3108,0.4378,0.1594,G,A
19,11123341,11123341,0.577000,0.198000,3.25,0.972871,0.078034,0.532000,0.703000,-2.51,0.493,0.675,2.25,-1.04,0.275,0.005,0.013,0,1,0.2739,0.7261,0.0,0.0,C,G
19,11123344,11123344,0.650000,0.257000,3.33,1,0.035161,4.871000,1.000000,-2.67,0.543,0.077,2.215,-1.57,0.4,0.833,0.352,0,1,0.1002,0.0,0.8998,0.0,G,C
19,11128008,11128008,0.574000,0.050000,-5.63,0.999812,0.035161,-1.157000,0.000000,-2.64,0.482,0.099,2.215,-1.67,0.307,0.005,0.004,0,1,0.1151,0.3032,0.2264,0.3553,C,A
19,11128011,11128011,0.637000,0.040000,-2.52,0.999983,0.451014,-0.016000,0.000000,-2.65,0.615,0.195,2.175,-1.62,0.659,0.002,0.002,0,1,0.6885,0.083,0.0,0.2285,T,C
19,11128016,11128016,-0.140000,0.002000,1.37,1,0.315673,-0.484000,0.000000,-2.64,0.506,0.012,2.295,-2.26,0.472,0.229,0.061,0,1,0.1955,0.1526,0.6518,0.0,G,T
19,11128019,11128019,-0.692000,0.000000,-3.49,1,0.180884,-1.236000,0.000000,-2.61,0.387,0.733,1.59,-1.24,0.239,0.013,0.012,0,1,0.468,0.3058,0.2263,0.0,G,T
19,11128020,11128020,-0.798000,0.000000,-6.02,1,0.180884,-0.282000,0.000000,-2.5,0.493,0.632,0.07,-0.36,0.059,0.001,0.003,0,1,0.0,0.502,0.1208,0.3772,T,C
19,11128022,11128022,0.648000,0.002000,3.83,1,0.021423,2.297000,0.035000,-2.64,0.479,0.094,2.33,-1.7,0.559,0.954,0.548,0,1,0.0,0.1667,0.8333,0.0,G,C
19,11128025,11128025,-0.134000,0.002000,-1.55,1,0.844778,-0.642000,0.000000,-2.57,0.37,0.141,0.805,-0.79,0.119,0.009,0.008,0,1,0.4503,0.0,0.5497,0.0,G,A
19,11128026,11128026,0.648000,0.003000,-1.46,1,0.844778,0.072000,0.000000,-2.61,0.437,0.053,1.7,-1.72,0.222,0.259,0.081,0,1,0.1856,0.2303,0.3079,0.2763,G,A
19,11128026,11128026,0.648000,0.003000,-1.46,0.999734,0.844778,0.072000,0.000000,-2.6,0.454,0.013,2.045,-1.74,0.324,0.021,0.008,0,1,0.1856,0.2303,0.3079,0.2763,G,T
19,11128032,11128032,-0.692000,0.000000,-6.69,1,0.646357,-0.940000,0.000000,-2.58,0.253,0.304,1.87,-0.75,0.12,0.001,0.003,0,1,0.3058,0.4318,0.1575,0.1049,G,C
19,11128037,11128037,-0.141000,0.000000,-4.85,1,0.903993,-0.181000,0.000000,-2.58,0.434,0.14,1.445,-1.01,0.152,0.001,0.004,0,1,0.3418,0.2918,0.3664,0.0,G,A
19,11128042,11128042,0.648000,0.004000,3.62,1,0.735990,2.065000,0.030000,-2.6,0.286,0.377,0.69,-0.45,0.19,0.005,0.013,0,1,0.0973,0.0,0.7203,0.1823,G,C
19,11128043,11128043,-0.071000,0.003000,-3.24,1,0.279530,0.132000,0.002000,-2.57,0.229,0.599,1.67,-0.59,0.078,0.0,0.001,0,1,0.2953,0.7047,0.0,0.0,A,C
19,11128046,11128046,0.574000,0.002000,3.69,1,0.297136,0.514000,0.002000,-2.49,0.274,0.462,2.33,-0.82,0.229,0.126,0.03,0,1,0.181,0.819,0.0,0.0,C,T
19,11128052,11128052,-1.349000,0.000000,-9.77,1,0.799905,-0.716000,0.000000,-2.63,0.808,0.181,2.135,-2.25,0.399,0.975,0.789,0,1,0.1296,0.1712,0.622,0.0772,A,T
19,11128059,11128059,-0.180000,0.008000,2.38,1,0.993832,2.227000,0.017000,-2.51,0.589,0.931,0,-0.02,0.107,0.0,0.0,0,1,0.0,0.5434,0.4566,0.0,G,A
19,11128061,11128061,0.648000,0.029000,-0.269,1,0.085805,0.781000,0.001000,-2.64,0.519,0.018,2.36,-2.17,0.252,0.413,0.168,0,1,0.1815,0.1508,0.5014,0.1664,G,T
19,11128062,11128062,0.574000,0.039000,1.24,1,0.085805,0.656000,0.001000,-2.67,0.495,0.088,2.36,-2.87,0.454,0.773,0.507,0,1,0.0,0.6984,0.0,0.3016,C,G
19,11128070,11128070,-0.065000,0.030000,2.73,0.945165,0.017801,0.360000,0.740000,-2.62,0.689,0.16,1.81,-0.23,0.228,0.008,0.022,0,1,0.7838,0.0,0.2162,0.0,A,G
19,11128070,11128070,-0.065000,0.030000,2.73,0.999931,0.017801,0.360000,0.740000,-2.83,0.831,0.002,2.36,-3.13,0.507,0.955,0.839,0,1,0.7838,0.0,0.2162,0.0,A,T
19,11128071,11128071,0.637000,0.020000,4.88,0.998227,0.017801,2.480000,0.736000,-2.8,0.842,0.007,2.36,-3.26,0.465,0.955,0.717,1,1,0.0,0.0,0.0,1.0,T,C
19,11128077,11128077,0.637000,0.014000,4.88,0.985457,0.009000,3.908000,0.749000,-2.88,0.637,0.001,2.39,-5.48,0.736,0.999,0.969,0,1,0.0,0.0,0.0,1.0,T,A
19,11128080,11128080,0.574000,0.018000,4.88,0.999997,0.000069,3.858000,0.763000,-2.67,0.761,0.001,2.42,-8.5,0.81,1.0,1.0,0,1,0.0,1.0,0.0,0.0,C,G
19,11128082,11128082,0.724000,0.013000,-0.239,1,0.143374,-0.455000,0.001000,-2.57,0.488,0.367,2.25,-0.68,0.195,0.023,0.063,0,1,0.3358,0.4354,0.0874,0.1414,A,G
19,11128083,11128083,-0.765000,0.005000,3.86,1,0.143374,2.490000,0.019000,-2.79,0.481,0.002,2.25,-4.54,0.695,0.053,0.125,0,1,0.0,0.0835,0.0,0.9165,T,G
19,11128085,11128085,0.648000,0.009000,4.88,0.999908,0.444891,2.411000,0.992000,-2.81,0.896,0.056,2.045,-1.13,0.099,0.448,0.085,1,1,0.0,0.0,1.0,0.0,G,A
19,11128085,11128085,0.648000,0.009000,4.88,0.999978,0.444891,2.411000,0.992000,-2.67,0.886,0.53,2.045,-0.84,0.102,0.002,0.007,1,1,0.0,0.0,1.0,0.0,G,T
19,11129515,11129515,-1.076000,0.000000,2.62,0.926958,0.026530,-0.197000,0.001000,-2.73,0.637,0.043,2.28,-2.32,0.245,0.975,0.839,0,1,0.3351,0.5744,0.0,0.0905,C,T
19,11129516,11129516,0.614000,0.001000,4.79,0.991341,0.026530,7.515000,0.964000,-2.74,0.783,0.002,2.28,-4.15,0.682,0.987,0.878,0,1,0.0,0.0,0.0,1.0,T,G
19,11129519,11129519,0.614000,0.001000,4.79,0.522405,0.069575,4.790000,0.717000,-2.83,0.858,0.001,2.215,-4.38,0.709,0.954,0.736,1,1,0.0,0.0901,0.0,0.9099,T,G
19,11129521,11129521,0.624000,0.001000,-2.14,1,0.251851,-1.992000,0.000000,-2.6,0.631,0.376,0.425,-0.55,0.056,0.003,0.002,0,1,0.3395,0.1269,0.4059,0.1277,G,A
19,11129530,11129530,0.614000,0.009000,-7.84,1,0.608263,-0.194000,0.000000,-2.62,0.796,0.004,1.475,-5.61,0.389,0.001,0.003,1,1,0.0,0.0,0.8012,0.1988,T,C
19,11129531,11129531,0.624000,0.010000,-0.768,1,0.608263,0.023000,0.000000,-2.58,0.682,0.132,0.82,-3.79,0.124,0.002,0.005,0,1,0.0,0.4812,0.3881,0.1307,G,C
19,11129533,11129533,-1.000000,0.005000,-3.47,1,0.218608,-0.199000,0.000000,-2.71,0.443,0.817,1.5,0.03,0.133,0.351,0.264,0,1,0.0,0.3754,0.1243,0.5003,C,A
19,11129534,11129534,0.614000,0.007000,3.62,0.999941,0.218608,3.237000,0.350000,-2.77,0.889,0.028,2.05,-2.73,0.604,0.523,0.193,1,1,0.0,0.0866,0.0,0.9134,T,C
19,11129536,11129536,0.624000,0.014000,3.62,1,0.000090,6.632000,1.000000,-2.67,0.78,0.006,2.9,-5.8,0.73,0.999,0.973,1,1,0.0874,0.0,0.9126,0.0,G,A
19,11129536,11129536,0.624000,0.014000,3.62,0.999965,0.000090,6.632000,1.000000,-2.67,0.78,0.006,2.9,-5.8,0.73,0.999,0.973,1,1,0.0874,0.0,0.9126,0.0,G,C
19,11129537,11129537,0.624000,0.018000,3.59,0.999877,0.000090,2.282000,0.995000,-2.65,0.731,0.007,2.9,-5.69,0.738,0.998,0.952,1,1,0.0,0.0,0.8384,0.1616,G,A
19,11129539,11129539,0.624000,0.023000,2.45,1,0.255219,5.460000,0.949000,-2.57,0.523,0.051,0.145,-0.91,0.062,0.002,0.003,0,1,0.1331,0.0,0.8669,0.0,G,C
19,11129539,11129539,0.624000,0.023000,2.45,1,0.255219,5.460000,0.949000,-2.63,0.493,0.011,0.345,-1.09,0.096,0.048,0.027,0,1,0.1331,0.0,0.8669,0.0,G,T
19,11129540,11129540,-1.046000,0.024000,3.61,0.988167,0.255219,0.152000,0.017000,-2.66,0.863,0.008,0.695,-0.18,0.184,0.01,0.013,0,1,0.0,0.6192,0.2974,0.0835,T,A
19,11129545,11129545,0.554000,0.070000,4.66,0.998134,0.000352,0.618000,0.996000,-2.79,0.356,0.082,0.885,-2.37,0.539,0.074,0.037,1,1,0.0,1.0,0.0,0.0,C,G
19,11129545,11129545,0.554000,0.070000,4.66,0.999647,0.000352,0.618000,0.996000,-2.85,0.356,0.165,1.22,-2.8,0.562,0.074,0.055,0,1,0.0,1.0,0.0,0.0,C,T
19,11129553,11129553,0.624000,0.258000,4.78,1,0.000133,9.768000,1.000000,-2.86,0.67,0.0,3.015,-11.98,0.892,1.0,0.999,0,1,0.0,0.0,1.0,0.0,G,C
19,11129555,11129555,-0.097000,0.283000,1.52,0.665911,0.014557,2.306000,1.000000,-2.1,0.521,1.0,-0.13,0.73,0.085,0.002,0.004,0,1,0.7366,0.0,0.2634,0.0,A,G
19,11129556,11129556,0.624000,0.304000,4.78,0.796427,0.014557,1.293000,1.000000,-2.79,0.582,0.001,2.39,-2.9,0.383,0.822,0.511,0,1,0.0,0.0,1.0,0.0,G,C
19,11129563,11129563,-0.286000,0.294000,2.44,0.999057,0.000311,-0.838000,0.117000,-2.72,0.563,0.002,2.745,-5.87,0.57,1.0,0.996,0,1,0.4111,0.5889,0.0,0.0,C,T
19,11129567,11129567,0.614000,0.231000,4.78,0.999006,0.001340,1.972000,0.974000,-2.55,0.485,0.163,1.545,-1.46,0.671,0.978,0.64,0,1,0.0,0.0,0.0,1.0,T,A
19,11129569,11129569,-0.153000,0.194000,3.74,0.832308,0.037019,4.965000,1.000000,-2.8,0.514,0.002,2.72,-3.34,0.158,0.991,0.894,1,1,0.8233,0.1767,0.0,0.0,A,C
19,11129569,11129569,-0.153000,0.194000,3.74,0.892936,0.037019,4.965000,1.000000,-2.78,0.536,0.001,2.72,-3.42,0.367,0.968,0.706,0,1,0.8233,0.1767,0.0,0.0,A,G
19,11129570,11129570,-0.099000,0.231000,1.33,0.540912,0.037019,2.005000,1.000000,-2.61,0.405,0.244,0.42,-2.21,0.082,0.088,0.079,0,1,0.7292,0.0,0.2708,0.0,A,G
19,11129571,11129571,0.624000,0.307000,2.52,0.990668,0.037019,2.071000,1.000000,-2.79,0.509,0.03,2.37,-4.06,0.289,0.991,0.92,1,1,0.1844,0.1577,0.6578,0.0,G,C
19,11129575,11129575,0.696000,0.724000,0.189,1,0.100025,3.639000,1.000000,-2.5,0.583,0.465,0.095,0.2,0.106,0.002,0.004,0,1,0.6878,0.0,0.3122,0.0,A,G
19,11129579,11129579,0.696000,0.909000,4.78,0.999959,0.000039,7.255000,1.000000,-2.56,0.425,0.052,2.4,-1.93,0.513,0.968,0.823,0,1,1.0,0.0,0.0,0.0,A,G
19,11129588,11129588,0.696000,0.987000,4.78,0.999913,0.012713,9.108000,1.000000,-2.91,0.529,0.001,3.085,-4.32,0.493,0.857,0.427,0,1,1.0,0.0,0.0,0.0,A,G
19,11129596,11129596,0.696000,0.968000,4.78,0.999994,0.000047,9.108000,1.000000,-3.61,0.922,0.0,3.235,-4.69,0.65,1.0,0.998,1,1,1.0,0.0,0.0,0.0,A,G
19,11129598,11129598,0.554000,0.953000,2.22,0.999871,0.000047,-0.092000,0.669000,-3.62,0.927,0.0,3.235,-5.62,0.709,1.0,0.998,1,1,0.0,0.6681,0.0,0.3319,C,A
19,11129598,11129598,0.554000,0.953000,2.22,0.999871,0.000047,-0.092000,0.669000,-3.62,0.927,0.0,3.235,-5.62,0.709,1.0,0.998,1,1,0.0,0.6681,0.0,0.3319,C,G
19,11129599,11129599,0.554000,0.938000,4.78,1,0.000103,7.727000,1.000000,-3.53,0.612,0.0,3.235,-7.4,0.595,1.0,1.0,1,1,0.0,1.0,0.0,0.0,C,A
19,11129602,11129602,0.624000,0.898000,4.78,1,0.000365,9.768000,1.000000,-3.22,0.491,0.0,3.205,-4.66,0.793,1.0,1.0,1,1,0.0,0.0,1.0,0.0,G,T
19,11129603,11129603,0.614000,0.906000,4.78,1,0.000365,7.836000,1.000000,-3.24,0.632,0.0,3.205,-6.64,0.867,1.0,0.999,0,1,0.0,0.0,0.0,1.0,T,A
19,11129605,11129605,0.614000,0.924000,4.78,0.999999,0.000258,7.836000,1.000000,-3.87,0.649,0.0,3.235,-4.69,0.793,1.0,0.999,1,1,0.0,0.0,0.0,1.0,T,C
19,11129606,11129606,0.696000,0.931000,4.78,1,0.000258,9.108000,1.000000,-3.87,0.711,0.0,3.235,-8.36,0.809,1.0,0.999,1,1,1.0,0.0,0.0,0.0,A,C
19,11129606,11129606,0.696000,0.931000,4.78,1,0.000258,9.108000,1.000000,-3.89,0.813,0.0,3.235,-8.42,0.901,1.0,0.999,1,1,1.0,0.0,0.0,0.0,A,G
19,11129617,11129617,0.696000,0.985000,4.78,0.999918,0.000079,9.108000,1.000000,-3.2,0.32,0.01,3.195,-4.49,0.648,0.999,0.906,0,1,1.0,0.0,0.0,0.0,A,G
19,11129620,11129620,0.624000,0.983000,4.78,1,0.000097,9.768000,1.000000,-3.09,0.491,0.0,3.225,-3.73,0.634,0.997,0.907,0,1,0.0,0.0,1.0,0.0,G,A
19,11129622,11129622,0.624000,0.989000,3.72,0.999969,0.000097,2.366000,1.000000,-3.05,0.344,0.0,2.42,-2.23,0.495,0.216,0.061,0,1,0.0869,0.0,0.9131,0.0,G,T
19,11129623,11129623,0.624000,0.990000,4.78,1,0.000069,9.768000,1.000000,-3.08,0.593,0.0,3.16,-5.03,0.463,1.0,1.0,0,1,0.0,0.0,1.0,0.0,G,C
19,11129635,11129635,0.696000,0.975000,4.82,0.986657,0.000097,5.623000,1.000000,-2.84,0.467,0.002,3.045,-0.93,0.472,0.948,0.664,0,1,1.0,0.0,0.0,0.0,A,G
19,11129646,11129646,0.558000,0.970000,3.54,0.518703,0.026314,0.715000,0.983000,-2.53,0.699,0.044,1.32,-1.69,0.226,0.148,0.11,0,1,0.0,0.6726,0.0,0.3274,C,G
19,11129648,11129648,0.703000,0.976000,3.8,0.700451,0.000160,1.196000,0.964000,-2.63,0.383,0.28,2.56,-1.73,0.493,0.893,0.482,0,1,0.9148,0.0,0.0852,0.0,A,G
19,11129653,11129653,0.629000,0.970000,4.82,1,0.000087,9.772000,1.000000,-2.92,0.858,0.003,2.9,-4.94,0.73,1.0,1.0,1,1,0.0,0.0,1.0,0.0,G,A
19,11129654,11129654,0.629000,0.973000,4.82,1,0.000087,9.772000,1.000000,-2.99,0.927,0.004,3.245,-6.31,0.876,1.0,1.0,1,1,0.0,0.0,1.0,0.0,G,A
19,11129657,11129657,0.703000,0.972000,3.78,0.999856,0.000256,7.193000,1.000000,-2.62,0.648,0.0,2.9,-6.41,0.687,1.0,0.998,0,1,0.8496,0.0,0.0,0.1503,A,G
19,11129660,11129660,-0.243000,0.957000,1.22,0.999515,0.020587,0.041000,0.000000,-2.61,0.495,0.006,1.24,-1.07,0.126,0.282,0.111,0,1,0.0,0.561,0.439,0.0,G,A
19,11129663,11129663,0.703000,0.960000,4.82,0.999999,0.000258,9.112000,1.000000,-2.99,0.8,0.001,3.28,-8.05,0.716,1.0,0.989,0,1,1.0,0.0,0.0,0.0,A,C
19,11129665,11129665,0.558000,0.957000,4.82,0.999997,0.000103,7.730000,1.000000,-3.49,0.492,0.0,3.28,-7.17,0.743,1.0,1.0,0,1,0.0,1.0,0.0,0.0,C,T
19,11131282,11131282,0.610000,0.961000,4.61,0.999446,0.000090,4.377000,1.000000,-2.57,0.781,0.137,2.48,-1.57,0.425,0.957,0.676,0,1,0.0,0.0,1.0,0.0,G,A
19,11131290,11131290,-0.195000,0.893000,4.61,0.985794,0.000365,4.722000,1.000000,-2.65,0.254,0.237,1.705,-1.33,0.338,0.088,0.048,0,1,0.0,0.0,1.0,0.0,G,C
19,11131291,11131291,0.657000,0.880000,4.74,1,0.000365,5.921000,1.000000,-2.92,0.534,0.0,3.02,-4.71,0.817,0.998,0.969,0,1,0.0,0.0,0.0,1.0,T,A
19,11131293,11131293,0.747000,0.818000,4.74,0.999867,0.002302,6.859000,1.000000,-2.74,0.22,0.051,2.375,-2.67,0.49,0.957,0.601,0,1,1.0,0.0,0.0,0.0,A,G
19,11131294,11131294,0.668000,0.751000,4.74,1.000,0.002302,5.632000,1.000000,-2.72,0.224,0.002,2.23,-2.31,0.45,0.957,0.678,0,1,0.0,0.0,1.0,0.0,G,C
19,11131296,11131296,-0.189000,0.622000,1.22,0.69291,0.092920,0.640000,1.000000,-2.67,0.183,0.027,1.74,-0.72,0.275,0.864,0.327,0,1,0.3023,0.5335,0.0,0.1642,C,A
19,11131296,11131296,-0.189000,0.622000,1.22,0.748134,0.092920,0.640000,1.000000,-2.59,0.124,0.063,1.74,-1.2,0.38,0.488,0.139,0,1,0.3023,0.5335,0.0,0.1642,C,G
19,11131299,11131299,0.668000,0.595000,4.74,1,0.000065,7.346000,1.000000,-2.72,0.332,0.006,2.52,-2.53,0.527,0.991,0.713,0,1,0.0,0.0,1.0,0.0,G,A
